recording_session_id,recording_id,piece_id,qinist_id,batch_id,recording_take_no,batch_take_no,script_id,segment_id,marker_id,marker_type,time_s,source,review_status,nudge_total_ms,review_only,production_grade,not_sample_assets,not_render_executed,not_ml_training_data,updated_at,take_id,source_raw_audio,source_split_audio,source_audio,event_id,event_range,gesture_id,realization_variant,variant,confidence,marker_label_zh,training_value_class,notes
RS_XWC_002_BAIYA_PILOT,RS_XWC_002,XWC,QINIST_002,batch04,T031,001,RS_XWC_002_031,RECD2_BATCH04_T031,RECD2_BATCH04_T031:pre_idle_end,pre_idle_end,2.451,human_adjusted,accepted,-50,true,false,true,true,true,2026-06-20T02:42:53.113431+00:00,T031,02_recordings/raw_audio/QINIST_002/XWC/RS_XWC_002_BAIYA_PILOT/raw/RS_XWC_002_BAIYA_PILOT_batch04_T031-T040.wav,clean_previews/T031_clean_preview.wav,clean_previews/T031_clean_preview.wav,XWC_P05_N02,,SAN_GOU_2,clean,clean,0.55,前置空白结束,review_only_render_alignment_draft,R1 seed marker from audio_seed; requires manual review.
RS_XWC_002_BAIYA_PILOT,RS_XWC_002,XWC,QINIST_002,batch04,T031,001,RS_XWC_002_031,RECD2_BATCH04_T031,RECD2_BATCH04_T031:gesture_start,gesture_start,2.501,human_adjusted,accepted,-50,true,false,true,true,true,2026-06-20T02:42:53.113431+00:00,T031,02_recordings/raw_audio/QINIST_002/XWC/RS_XWC_002_BAIYA_PILOT/raw/RS_XWC_002_BAIYA_PILOT_batch04_T031-T040.wav,clean_previews/T031_clean_preview.wav,clean_previews/T031_clean_preview.wav,XWC_P05_N02,,SAN_GOU_2,clean,clean,0.55,前导起势,review_only_render_alignment_draft,R1 seed marker from audio_seed; requires manual review.
RS_XWC_002_BAIYA_PILOT,RS_XWC_002,XWC,QINIST_002,batch04,T031,001,RS_XWC_002_031,RECD2_BATCH04_T031,RECD2_BATCH04_T031:render_anchor,render_anchor,2.501,human_adjusted,accepted,-50,true,false,true,true,true,2026-06-20T02:42:53.113431+00:00,T031,02_recordings/raw_audio/QINIST_002/XWC/RS_XWC_002_BAIYA_PILOT/raw/RS_XWC_002_BAIYA_PILOT_batch04_T031-T040.wav,clean_previews/T031_clean_preview.wav,clean_previews/T031_clean_preview.wav,XWC_P05_N02,,SAN_GOU_2,clean,clean,0.55,渲染锚点,review_only_render_alignment_draft,R1 seed marker from audio_seed; requires manual review.
RS_XWC_002_BAIYA_PILOT,RS_XWC_002,XWC,QINIST_002,batch04,T031,001,RS_XWC_002_031,RECD2_BATCH04_T031,RECD2_BATCH04_T031:tail_end,tail_end,4.409,audio_seed,accepted,0,true,false,true,true,true,2026-06-20T02:42:53.113431+00:00,T031,02_recordings/raw_audio/QINIST_002/XWC/RS_XWC_002_BAIYA_PILOT/raw/RS_XWC_002_BAIYA_PILOT_batch04_T031-T040.wav,clean_previews/T031_clean_preview.wav,clean_previews/T031_clean_preview.wav,XWC_P05_N02,,SAN_GOU_2,clean,clean,0.55,尾音结束,review_only_render_alignment_draft,R1 seed marker from audio_seed; requires manual review.
RS_XWC_002_BAIYA_PILOT,RS_XWC_002,XWC,QINIST_002,batch04,T032,002,RS_XWC_002_032,RECD2_BATCH04_T032,RECD2_BATCH04_T032:pre_idle_end,pre_idle_end,0.167,human_adjusted,accepted,-50,true,false,true,true,true,2026-06-20T02:42:53.113431+00:00,T032,02_recordings/raw_audio/QINIST_002/XWC/RS_XWC_002_BAIYA_PILOT/raw/RS_XWC_002_BAIYA_PILOT_batch04_T031-T040.wav,clean_previews/T032_clean_preview.wav,clean_previews/T032_clean_preview.wav,XWC_P05_N03,,SAN_TIAO_3,clean,clean,0.55,前置空白结束,review_only_render_alignment_draft,R1 seed marker from audio_seed; requires manual review.
RS_XWC_002_BAIYA_PILOT,RS_XWC_002,XWC,QINIST_002,batch04,T032,002,RS_XWC_002_032,RECD2_BATCH04_T032,RECD2_BATCH04_T032:gesture_start,gesture_start,0.217,human_adjusted,accepted,-50,true,false,true,true,true,2026-06-20T02:42:53.113431+00:00,T032,02_recordings/raw_audio/QINIST_002/XWC/RS_XWC_002_BAIYA_PILOT/raw/RS_XWC_002_BAIYA_PILOT_batch04_T031-T040.wav,clean_previews/T032_clean_preview.wav,clean_previews/T032_clean_preview.wav,XWC_P05_N03,,SAN_TIAO_3,clean,clean,0.55,前导起势,review_only_render_alignment_draft,R1 seed marker from audio_seed; requires manual review.
RS_XWC_002_BAIYA_PILOT,RS_XWC_002,XWC,QINIST_002,batch04,T032,002,RS_XWC_002_032,RECD2_BATCH04_T032,RECD2_BATCH04_T032:render_anchor,render_anchor,0.217,human_adjusted,accepted,-50,true,false,true,true,true,2026-06-20T02:42:53.113431+00:00,T032,02_recordings/raw_audio/QINIST_002/XWC/RS_XWC_002_BAIYA_PILOT/raw/RS_XWC_002_BAIYA_PILOT_batch04_T031-T040.wav,clean_previews/T032_clean_preview.wav,clean_previews/T032_clean_preview.wav,XWC_P05_N03,,SAN_TIAO_3,clean,clean,0.55,渲染锚点,review_only_render_alignment_draft,R1 seed marker from audio_seed; requires manual review.
RS_XWC_002_BAIYA_PILOT,RS_XWC_002,XWC,QINIST_002,batch04,T032,002,RS_XWC_002_032,RECD2_BATCH04_T032,RECD2_BATCH04_T032:tail_end,tail_end,2.267,audio_seed,accepted,0,true,false,true,true,true,2026-06-20T02:42:53.113431+00:00,T032,02_recordings/raw_audio/QINIST_002/XWC/RS_XWC_002_BAIYA_PILOT/raw/RS_XWC_002_BAIYA_PILOT_batch04_T031-T040.wav,clean_previews/T032_clean_preview.wav,clean_previews/T032_clean_preview.wav,XWC_P05_N03,,SAN_TIAO_3,clean,clean,0.55,尾音结束,review_only_render_alignment_draft,R1 seed marker from audio_seed; requires manual review.
RS_XWC_002_BAIYA_PILOT,RS_XWC_002,XWC,QINIST_002,batch04,T033,003,RS_XWC_002_033,RECD2_BATCH04_T033,RECD2_BATCH04_T033:pre_idle_end,pre_idle_end,1.203,human_adjusted,accepted,-100,true,false,true,true,true,2026-06-20T02:42:53.113431+00:00,T033,02_recordings/raw_audio/QINIST_002/XWC/RS_XWC_002_BAIYA_PILOT/raw/RS_XWC_002_BAIYA_PILOT_batch04_T031-T040.wav,clean_previews/T033_clean_preview.wav,clean_previews/T033_clean_preview.wav,XWC_P05_N04,,AN_RING_10_GOU_1,clean,clean,0.55,前置空白结束,review_only_render_alignment_draft,R1 seed marker from audio_seed; requires manual review.
RS_XWC_002_BAIYA_PILOT,RS_XWC_002,XWC,QINIST_002,batch04,T033,003,RS_XWC_002_033,RECD2_BATCH04_T033,RECD2_BATCH04_T033:gesture_start,gesture_start,1.253,human_adjusted,accepted,-100,true,false,true,true,true,2026-06-20T02:42:53.113431+00:00,T033,02_recordings/raw_audio/QINIST_002/XWC/RS_XWC_002_BAIYA_PILOT/raw/RS_XWC_002_BAIYA_PILOT_batch04_T031-T040.wav,clean_previews/T033_clean_preview.wav,clean_previews/T033_clean_preview.wav,XWC_P05_N04,,AN_RING_10_GOU_1,clean,clean,0.55,前导起势,review_only_render_alignment_draft,R1 seed marker from audio_seed; requires manual review.
RS_XWC_002_BAIYA_PILOT,RS_XWC_002,XWC,QINIST_002,batch04,T033,003,RS_XWC_002_033,RECD2_BATCH04_T033,RECD2_BATCH04_T033:render_anchor,render_anchor,1.303,human_adjusted,accepted,-50,true,false,true,true,true,2026-06-20T02:42:53.113431+00:00,T033,02_recordings/raw_audio/QINIST_002/XWC/RS_XWC_002_BAIYA_PILOT/raw/RS_XWC_002_BAIYA_PILOT_batch04_T031-T040.wav,clean_previews/T033_clean_preview.wav,clean_previews/T033_clean_preview.wav,XWC_P05_N04,,AN_RING_10_GOU_1,clean,clean,0.55,渲染锚点,review_only_render_alignment_draft,R1 seed marker from audio_seed; requires manual review.
RS_XWC_002_BAIYA_PILOT,RS_XWC_002,XWC,QINIST_002,batch04,T033,003,RS_XWC_002_033,RECD2_BATCH04_T033,RECD2_BATCH04_T033:tail_end,tail_end,3.232,human_adjusted,accepted,500,true,false,true,true,true,2026-06-20T02:42:53.113431+00:00,T033,02_recordings/raw_audio/QINIST_002/XWC/RS_XWC_002_BAIYA_PILOT/raw/RS_XWC_002_BAIYA_PILOT_batch04_T031-T040.wav,clean_previews/T033_clean_preview.wav,clean_previews/T033_clean_preview.wav,XWC_P05_N04,,AN_RING_10_GOU_1,clean,clean,0.55,尾音结束,review_only_render_alignment_draft,R1 seed marker from audio_seed; requires manual review.
RS_XWC_002_BAIYA_PILOT,RS_XWC_002,XWC,QINIST_002,batch04,T034,004,RS_XWC_002_034,RECD2_BATCH04_T034,RECD2_BATCH04_T034:pre_idle_end,pre_idle_end,0.220,human_adjusted,accepted,-50,true,false,true,true,true,2026-06-20T02:42:53.113431+00:00,T034,02_recordings/raw_audio/QINIST_002/XWC/RS_XWC_002_BAIYA_PILOT/raw/RS_XWC_002_BAIYA_PILOT_batch04_T031-T040.wav,clean_previews/T034_clean_preview.wav,clean_previews/T034_clean_preview.wav,XWC_P05_N04,,AN_RING_10_GOU_1,clean,clean,0.55,前置空白结束,review_only_render_alignment_draft,R1 seed marker from audio_seed; requires manual review.
RS_XWC_002_BAIYA_PILOT,RS_XWC_002,XWC,QINIST_002,batch04,T034,004,RS_XWC_002_034,RECD2_BATCH04_T034,RECD2_BATCH04_T034:gesture_start,gesture_start,0.270,human_adjusted,accepted,-50,true,false,true,true,true,2026-06-20T02:42:53.113431+00:00,T034,02_recordings/raw_audio/QINIST_002/XWC/RS_XWC_002_BAIYA_PILOT/raw/RS_XWC_002_BAIYA_PILOT_batch04_T031-T040.wav,clean_previews/T034_clean_preview.wav,clean_previews/T034_clean_preview.wav,XWC_P05_N04,,AN_RING_10_GOU_1,clean,clean,0.55,前导起势,review_only_render_alignment_draft,R1 seed marker from audio_seed; requires manual review.
RS_XWC_002_BAIYA_PILOT,RS_XWC_002,XWC,QINIST_002,batch04,T034,004,RS_XWC_002_034,RECD2_BATCH04_T034,RECD2_BATCH04_T034:render_anchor,render_anchor,0.270,human_adjusted,accepted,-50,true,false,true,true,true,2026-06-20T02:42:53.113431+00:00,T034,02_recordings/raw_audio/QINIST_002/XWC/RS_XWC_002_BAIYA_PILOT/raw/RS_XWC_002_BAIYA_PILOT_batch04_T031-T040.wav,clean_previews/T034_clean_preview.wav,clean_previews/T034_clean_preview.wav,XWC_P05_N04,,AN_RING_10_GOU_1,clean,clean,0.55,渲染锚点,review_only_render_alignment_draft,R1 seed marker from audio_seed; requires manual review.
RS_XWC_002_BAIYA_PILOT,RS_XWC_002,XWC,QINIST_002,batch04,T034,004,RS_XWC_002_034,RECD2_BATCH04_T034,RECD2_BATCH04_T034:tail_end,tail_end,1.441,human_adjusted,accepted,-4000,true,false,true,true,true,2026-06-20T02:42:53.113431+00:00,T034,02_recordings/raw_audio/QINIST_002/XWC/RS_XWC_002_BAIYA_PILOT/raw/RS_XWC_002_BAIYA_PILOT_batch04_T031-T040.wav,clean_previews/T034_clean_preview.wav,clean_previews/T034_clean_preview.wav,XWC_P05_N04,,AN_RING_10_GOU_1,clean,clean,0.55,尾音结束,review_only_render_alignment_draft,R1 seed marker from audio_seed; requires manual review.
RS_XWC_002_BAIYA_PILOT,RS_XWC_002,XWC,QINIST_002,batch04,T035,005,RS_XWC_002_035,RECD2_BATCH04_T035,RECD2_BATCH04_T035:pre_idle_end,pre_idle_end,0.087,human_adjusted,accepted,-50,true,false,true,true,true,2026-06-20T02:42:53.113431+00:00,T035,02_recordings/raw_audio/QINIST_002/XWC/RS_XWC_002_BAIYA_PILOT/raw/RS_XWC_002_BAIYA_PILOT_batch04_T031-T040.wav,clean_previews/T035_clean_preview.wav,clean_previews/T035_clean_preview.wav,XWC_P05_N05,,SAN_TIAO_4,clean,clean,0.55,前置空白结束,review_only_render_alignment_draft,R1 seed marker from audio_seed; requires manual review.
RS_XWC_002_BAIYA_PILOT,RS_XWC_002,XWC,QINIST_002,batch04,T035,005,RS_XWC_002_035,RECD2_BATCH04_T035,RECD2_BATCH04_T035:gesture_start,gesture_start,0.137,human_adjusted,accepted,-50,true,false,true,true,true,2026-06-20T02:42:53.113431+00:00,T035,02_recordings/raw_audio/QINIST_002/XWC/RS_XWC_002_BAIYA_PILOT/raw/RS_XWC_002_BAIYA_PILOT_batch04_T031-T040.wav,clean_previews/T035_clean_preview.wav,clean_previews/T035_clean_preview.wav,XWC_P05_N05,,SAN_TIAO_4,clean,clean,0.55,前导起势,review_only_render_alignment_draft,R1 seed marker from audio_seed; requires manual review.
RS_XWC_002_BAIYA_PILOT,RS_XWC_002,XWC,QINIST_002,batch04,T035,005,RS_XWC_002_035,RECD2_BATCH04_T035,RECD2_BATCH04_T035:render_anchor,render_anchor,0.137,human_adjusted,accepted,-50,true,false,true,true,true,2026-06-20T02:42:53.113431+00:00,T035,02_recordings/raw_audio/QINIST_002/XWC/RS_XWC_002_BAIYA_PILOT/raw/RS_XWC_002_BAIYA_PILOT_batch04_T031-T040.wav,clean_previews/T035_clean_preview.wav,clean_previews/T035_clean_preview.wav,XWC_P05_N05,,SAN_TIAO_4,clean,clean,0.55,渲染锚点,review_only_render_alignment_draft,R1 seed marker from audio_seed; requires manual review.
RS_XWC_002_BAIYA_PILOT,RS_XWC_002,XWC,QINIST_002,batch04,T035,005,RS_XWC_002_035,RECD2_BATCH04_T035,RECD2_BATCH04_T035:tail_end,tail_end,2.449,human_adjusted,accepted,500,true,false,true,true,true,2026-06-20T02:42:53.113431+00:00,T035,02_recordings/raw_audio/QINIST_002/XWC/RS_XWC_002_BAIYA_PILOT/raw/RS_XWC_002_BAIYA_PILOT_batch04_T031-T040.wav,clean_previews/T035_clean_preview.wav,clean_previews/T035_clean_preview.wav,XWC_P05_N05,,SAN_TIAO_4,clean,clean,0.55,尾音结束,review_only_render_alignment_draft,R1 seed marker from audio_seed; requires manual review.
RS_XWC_002_BAIYA_PILOT,RS_XWC_002,XWC,QINIST_002,batch04,T036,006,RS_XWC_002_036,RECD2_BATCH04_T036,RECD2_BATCH04_T036:pre_idle_end,pre_idle_end,2.117,human_adjusted,accepted,-150,true,false,true,true,true,2026-06-20T02:42:53.113431+00:00,T036,02_recordings/raw_audio/QINIST_002/XWC/RS_XWC_002_BAIYA_PILOT/raw/RS_XWC_002_BAIYA_PILOT_batch04_T031-T040.wav,clean_previews/T036_clean_preview.wav,clean_previews/T036_clean_preview.wav,XWC_P05_N06,,AN_THUMB_9_GOU_1,clean,clean,0.55,前置空白结束,review_only_render_alignment_draft,R1 seed marker from audio_seed; requires manual review.
RS_XWC_002_BAIYA_PILOT,RS_XWC_002,XWC,QINIST_002,batch04,T036,006,RS_XWC_002_036,RECD2_BATCH04_T036,RECD2_BATCH04_T036:gesture_start,gesture_start,2.217,human_adjusted,accepted,-100,true,false,true,true,true,2026-06-20T02:42:53.113431+00:00,T036,02_recordings/raw_audio/QINIST_002/XWC/RS_XWC_002_BAIYA_PILOT/raw/RS_XWC_002_BAIYA_PILOT_batch04_T031-T040.wav,clean_previews/T036_clean_preview.wav,clean_previews/T036_clean_preview.wav,XWC_P05_N06,,AN_THUMB_9_GOU_1,clean,clean,0.55,前导起势,review_only_render_alignment_draft,R1 seed marker from audio_seed; requires manual review.
RS_XWC_002_BAIYA_PILOT,RS_XWC_002,XWC,QINIST_002,batch04,T036,006,RS_XWC_002_036,RECD2_BATCH04_T036,RECD2_BATCH04_T036:render_anchor,render_anchor,2.267,human_adjusted,accepted,-50,true,false,true,true,true,2026-06-20T02:42:53.113431+00:00,T036,02_recordings/raw_audio/QINIST_002/XWC/RS_XWC_002_BAIYA_PILOT/raw/RS_XWC_002_BAIYA_PILOT_batch04_T031-T040.wav,clean_previews/T036_clean_preview.wav,clean_previews/T036_clean_preview.wav,XWC_P05_N06,,AN_THUMB_9_GOU_1,clean,clean,0.55,渲染锚点,review_only_render_alignment_draft,R1 seed marker from audio_seed; requires manual review.
RS_XWC_002_BAIYA_PILOT,RS_XWC_002,XWC,QINIST_002,batch04,T036,006,RS_XWC_002_036,RECD2_BATCH04_T036,RECD2_BATCH04_T036:tail_end,tail_end,4.891,human_adjusted,accepted,-500,true,false,true,true,true,2026-06-20T02:42:53.113431+00:00,T036,02_recordings/raw_audio/QINIST_002/XWC/RS_XWC_002_BAIYA_PILOT/raw/RS_XWC_002_BAIYA_PILOT_batch04_T031-T040.wav,clean_previews/T036_clean_preview.wav,clean_previews/T036_clean_preview.wav,XWC_P05_N06,,AN_THUMB_9_GOU_1,clean,clean,0.55,尾音结束,review_only_render_alignment_draft,R1 seed marker from audio_seed; requires manual review.
RS_XWC_002_BAIYA_PILOT,RS_XWC_002,XWC,QINIST_002,batch04,T037,007,RS_XWC_002_037,RECD2_BATCH04_T037,RECD2_BATCH04_T037:pre_idle_end,pre_idle_end,0.713,human_adjusted,accepted,-150,true,false,true,true,true,2026-06-20T02:42:53.113431+00:00,T037,02_recordings/raw_audio/QINIST_002/XWC/RS_XWC_002_BAIYA_PILOT/raw/RS_XWC_002_BAIYA_PILOT_batch04_T031-T040.wav,clean_previews/T037_clean_preview.wav,clean_previews/T037_clean_preview.wav,XWC_P05_N06,,AN_THUMB_9_GOU_1,clean,clean,0.55,前置空白结束,review_only_render_alignment_draft,R1 seed marker from audio_seed; requires manual review.
RS_XWC_002_BAIYA_PILOT,RS_XWC_002,XWC,QINIST_002,batch04,T037,007,RS_XWC_002_037,RECD2_BATCH04_T037,RECD2_BATCH04_T037:gesture_start,gesture_start,0.813,human_adjusted,accepted,-100,true,false,true,true,true,2026-06-20T02:42:53.113431+00:00,T037,02_recordings/raw_audio/QINIST_002/XWC/RS_XWC_002_BAIYA_PILOT/raw/RS_XWC_002_BAIYA_PILOT_batch04_T031-T040.wav,clean_previews/T037_clean_preview.wav,clean_previews/T037_clean_preview.wav,XWC_P05_N06,,AN_THUMB_9_GOU_1,clean,clean,0.55,前导起势,review_only_render_alignment_draft,R1 seed marker from audio_seed; requires manual review.
RS_XWC_002_BAIYA_PILOT,RS_XWC_002,XWC,QINIST_002,batch04,T037,007,RS_XWC_002_037,RECD2_BATCH04_T037,RECD2_BATCH04_T037:render_anchor,render_anchor,0.863,human_adjusted,accepted,-50,true,false,true,true,true,2026-06-20T02:42:53.113431+00:00,T037,02_recordings/raw_audio/QINIST_002/XWC/RS_XWC_002_BAIYA_PILOT/raw/RS_XWC_002_BAIYA_PILOT_batch04_T031-T040.wav,clean_previews/T037_clean_preview.wav,clean_previews/T037_clean_preview.wav,XWC_P05_N06,,AN_THUMB_9_GOU_1,clean,clean,0.55,渲染锚点,review_only_render_alignment_draft,R1 seed marker from audio_seed; requires manual review.
RS_XWC_002_BAIYA_PILOT,RS_XWC_002,XWC,QINIST_002,batch04,T037,007,RS_XWC_002_037,RECD2_BATCH04_T037,RECD2_BATCH04_T037:tail_end,tail_end,2.588,human_adjusted,accepted,-2350,true,false,true,true,true,2026-06-20T02:42:53.113431+00:00,T037,02_recordings/raw_audio/QINIST_002/XWC/RS_XWC_002_BAIYA_PILOT/raw/RS_XWC_002_BAIYA_PILOT_batch04_T031-T040.wav,clean_previews/T037_clean_preview.wav,clean_previews/T037_clean_preview.wav,XWC_P05_N06,,AN_THUMB_9_GOU_1,clean,clean,0.55,尾音结束,review_only_render_alignment_draft,R1 seed marker from audio_seed; requires manual review.
RS_XWC_002_BAIYA_PILOT,RS_XWC_002,XWC,QINIST_002,batch04,T038,008,RS_XWC_002_038,RECD2_BATCH04_T038,RECD2_BATCH04_T038:pre_idle_end,pre_idle_end,0.582,human_adjusted,accepted,-50,true,false,true,true,true,2026-06-20T02:42:53.113431+00:00,T038,02_recordings/raw_audio/QINIST_002/XWC/RS_XWC_002_BAIYA_PILOT/raw/RS_XWC_002_BAIYA_PILOT_batch04_T031-T040.wav,clean_previews/T038_clean_preview.wav,clean_previews/T038_clean_preview.wav,XWC_P06_N01,,SAN_TIAO_4,clean,clean,0.55,前置空白结束,review_only_render_alignment_draft,R1 seed marker from audio_seed; requires manual review.
RS_XWC_002_BAIYA_PILOT,RS_XWC_002,XWC,QINIST_002,batch04,T038,008,RS_XWC_002_038,RECD2_BATCH04_T038,RECD2_BATCH04_T038:gesture_start,gesture_start,0.632,human_adjusted,accepted,-50,true,false,true,true,true,2026-06-20T02:42:53.113431+00:00,T038,02_recordings/raw_audio/QINIST_002/XWC/RS_XWC_002_BAIYA_PILOT/raw/RS_XWC_002_BAIYA_PILOT_batch04_T031-T040.wav,clean_previews/T038_clean_preview.wav,clean_previews/T038_clean_preview.wav,XWC_P06_N01,,SAN_TIAO_4,clean,clean,0.55,前导起势,review_only_render_alignment_draft,R1 seed marker from audio_seed; requires manual review.
RS_XWC_002_BAIYA_PILOT,RS_XWC_002,XWC,QINIST_002,batch04,T038,008,RS_XWC_002_038,RECD2_BATCH04_T038,RECD2_BATCH04_T038:render_anchor,render_anchor,0.632,human_adjusted,accepted,-50,true,false,true,true,true,2026-06-20T02:42:53.113431+00:00,T038,02_recordings/raw_audio/QINIST_002/XWC/RS_XWC_002_BAIYA_PILOT/raw/RS_XWC_002_BAIYA_PILOT_batch04_T031-T040.wav,clean_previews/T038_clean_preview.wav,clean_previews/T038_clean_preview.wav,XWC_P06_N01,,SAN_TIAO_4,clean,clean,0.55,渲染锚点,review_only_render_alignment_draft,R1 seed marker from audio_seed; requires manual review.
RS_XWC_002_BAIYA_PILOT,RS_XWC_002,XWC,QINIST_002,batch04,T038,008,RS_XWC_002_038,RECD2_BATCH04_T038,RECD2_BATCH04_T038:tail_end,tail_end,3.060,human_adjusted,accepted,500,true,false,true,true,true,2026-06-20T02:42:53.113431+00:00,T038,02_recordings/raw_audio/QINIST_002/XWC/RS_XWC_002_BAIYA_PILOT/raw/RS_XWC_002_BAIYA_PILOT_batch04_T031-T040.wav,clean_previews/T038_clean_preview.wav,clean_previews/T038_clean_preview.wav,XWC_P06_N01,,SAN_TIAO_4,clean,clean,0.55,尾音结束,review_only_render_alignment_draft,R1 seed marker from audio_seed; requires manual review.
RS_XWC_002_BAIYA_PILOT,RS_XWC_002,XWC,QINIST_002,batch04,T039,009,RS_XWC_002_039,RECD2_BATCH04_T039,RECD2_BATCH04_T039:pre_idle_end,pre_idle_end,1.372,human_adjusted,accepted,-150,true,false,true,true,true,2026-06-20T02:42:53.113431+00:00,T039,02_recordings/raw_audio/QINIST_002/XWC/RS_XWC_002_BAIYA_PILOT/raw/RS_XWC_002_BAIYA_PILOT_batch04_T031-T040.wav,clean_previews/T039_clean_preview.wav,clean_previews/T039_clean_preview.wav,XWC_P06_N02,,AN_THUMB_9_GOU_1,clean,clean,0.55,前置空白结束,review_only_render_alignment_draft,R1 seed marker from audio_seed; requires manual review.
RS_XWC_002_BAIYA_PILOT,RS_XWC_002,XWC,QINIST_002,batch04,T039,009,RS_XWC_002_039,RECD2_BATCH04_T039,RECD2_BATCH04_T039:gesture_start,gesture_start,1.472,human_adjusted,accepted,-100,true,false,true,true,true,2026-06-20T02:42:53.113431+00:00,T039,02_recordings/raw_audio/QINIST_002/XWC/RS_XWC_002_BAIYA_PILOT/raw/RS_XWC_002_BAIYA_PILOT_batch04_T031-T040.wav,clean_previews/T039_clean_preview.wav,clean_previews/T039_clean_preview.wav,XWC_P06_N02,,AN_THUMB_9_GOU_1,clean,clean,0.55,前导起势,review_only_render_alignment_draft,R1 seed marker from audio_seed; requires manual review.
RS_XWC_002_BAIYA_PILOT,RS_XWC_002,XWC,QINIST_002,batch04,T039,009,RS_XWC_002_039,RECD2_BATCH04_T039,RECD2_BATCH04_T039:render_anchor,render_anchor,1.522,human_adjusted,accepted,-50,true,false,true,true,true,2026-06-20T02:42:53.113431+00:00,T039,02_recordings/raw_audio/QINIST_002/XWC/RS_XWC_002_BAIYA_PILOT/raw/RS_XWC_002_BAIYA_PILOT_batch04_T031-T040.wav,clean_previews/T039_clean_preview.wav,clean_previews/T039_clean_preview.wav,XWC_P06_N02,,AN_THUMB_9_GOU_1,clean,clean,0.55,渲染锚点,review_only_render_alignment_draft,R1 seed marker from audio_seed; requires manual review.
RS_XWC_002_BAIYA_PILOT,RS_XWC_002,XWC,QINIST_002,batch04,T039,009,RS_XWC_002_039,RECD2_BATCH04_T039,RECD2_BATCH04_T039:tail_end,tail_end,3.274,human_adjusted,accepted,-300,true,false,true,true,true,2026-06-20T02:42:53.113431+00:00,T039,02_recordings/raw_audio/QINIST_002/XWC/RS_XWC_002_BAIYA_PILOT/raw/RS_XWC_002_BAIYA_PILOT_batch04_T031-T040.wav,clean_previews/T039_clean_preview.wav,clean_previews/T039_clean_preview.wav,XWC_P06_N02,,AN_THUMB_9_GOU_1,clean,clean,0.55,尾音结束,review_only_render_alignment_draft,R1 seed marker from audio_seed; requires manual review.
RS_XWC_002_BAIYA_PILOT,RS_XWC_002,XWC,QINIST_002,batch04,T040,010,RS_XWC_002_040,RECD2_BATCH04_T040,RECD2_BATCH04_T040:pre_idle_end,pre_idle_end,2.298,human_adjusted,accepted,450,true,false,true,true,true,2026-06-20T02:42:53.113431+00:00,T040,02_recordings/raw_audio/QINIST_002/XWC/RS_XWC_002_BAIYA_PILOT/raw/RS_XWC_002_BAIYA_PILOT_batch04_T031-T040.wav,clean_previews/T040_clean_preview.wav,clean_previews/T040_clean_preview.wav,XWC_P06_N02,,AN_THUMB_9_GOU_1,clean,clean,0.55,前置空白结束,review_only_render_alignment_draft,R1 seed marker from audio_seed; requires manual review.
RS_XWC_002_BAIYA_PILOT,RS_XWC_002,XWC,QINIST_002,batch04,T040,010,RS_XWC_002_040,RECD2_BATCH04_T040,RECD2_BATCH04_T040:gesture_start,gesture_start,2.498,human_adjusted,accepted,600,true,false,true,true,true,2026-06-20T02:42:53.113431+00:00,T040,02_recordings/raw_audio/QINIST_002/XWC/RS_XWC_002_BAIYA_PILOT/raw/RS_XWC_002_BAIYA_PILOT_batch04_T031-T040.wav,clean_previews/T040_clean_preview.wav,clean_previews/T040_clean_preview.wav,XWC_P06_N02,,AN_THUMB_9_GOU_1,clean,clean,0.55,前导起势,review_only_render_alignment_draft,R1 seed marker from audio_seed; requires manual review.
RS_XWC_002_BAIYA_PILOT,RS_XWC_002,XWC,QINIST_002,batch04,T040,010,RS_XWC_002_040,RECD2_BATCH04_T040,RECD2_BATCH04_T040:render_anchor,render_anchor,2.548,human_adjusted,accepted,650,true,false,true,true,true,2026-06-20T02:42:53.113431+00:00,T040,02_recordings/raw_audio/QINIST_002/XWC/RS_XWC_002_BAIYA_PILOT/raw/RS_XWC_002_BAIYA_PILOT_batch04_T031-T040.wav,clean_previews/T040_clean_preview.wav,clean_previews/T040_clean_preview.wav,XWC_P06_N02,,AN_THUMB_9_GOU_1,clean,clean,0.55,渲染锚点,review_only_render_alignment_draft,R1 seed marker from audio_seed; requires manual review.
RS_XWC_002_BAIYA_PILOT,RS_XWC_002,XWC,QINIST_002,batch04,T040,010,RS_XWC_002_040,RECD2_BATCH04_T040,RECD2_BATCH04_T040:tail_end,tail_end,4.646,human_adjusted,accepted,-5500,true,false,true,true,true,2026-06-20T02:42:53.113431+00:00,T040,02_recordings/raw_audio/QINIST_002/XWC/RS_XWC_002_BAIYA_PILOT/raw/RS_XWC_002_BAIYA_PILOT_batch04_T031-T040.wav,clean_previews/T040_clean_preview.wav,clean_previews/T040_clean_preview.wav,XWC_P06_N02,,AN_THUMB_9_GOU_1,clean,clean,0.55,尾音结束,review_only_render_alignment_draft,R1 seed marker from audio_seed; requires manual review.
