asr_candidate_id,recording_session_id,recording_id,piece_id,qinist_id,batch_id,recording_take_no,batch_take_no,slate_no,script_id,source_raw_audio,expected_spoken_slate_text,asr_accepted_variants,recognized_slate_text,matched_spoken_slate_text,asr_start_s,asr_end_s,asr_confidence,asr_model,asr_language,match_status,candidate_status,requires_manual_review,review_only,production_grade,not_sample_assets,not_render_executed,not_ml_training_data,notes
ASR_RS_XWC_002_BAIYA_PILOT_batch06_T051,RS_XWC_002_BAIYA_PILOT,RS_XWC_002,XWC,QINIST_002,batch06,T051,001,051,RS_XWC_002_051,02_recordings/raw_audio/QINIST_002/XWC/RS_XWC_002_BAIYA_PILOT/raw/RS_XWC_002_BAIYA_PILOT_batch06_T051-T060.wav,零五幺,零五幺;零五一,051,051,4.460,7.260,0.969409,faster-whisper medium cpu int8 beam_size=5 word_timestamps=true,zh,matched,candidate,true,true,false,true,true,true,"ASR text matched expected slate variant; candidate only, manual review required. High no_speech_prob=0.503521; verify boundary carefully."
ASR_RS_XWC_002_BAIYA_PILOT_batch06_T052,RS_XWC_002_BAIYA_PILOT,RS_XWC_002,XWC,QINIST_002,batch06,T052,002,052,RS_XWC_002_052,02_recordings/raw_audio/QINIST_002/XWC/RS_XWC_002_BAIYA_PILOT/raw/RS_XWC_002_BAIYA_PILOT_batch06_T051-T060.wav,零五二,零五二,052,052,13.840,16.280,0.985705,faster-whisper medium cpu int8 beam_size=5 word_timestamps=true,zh,matched,candidate,true,true,false,true,true,true,"ASR text matched expected slate variant; candidate only, manual review required. High no_speech_prob=0.503521; verify boundary carefully."
ASR_RS_XWC_002_BAIYA_PILOT_batch06_T053,RS_XWC_002_BAIYA_PILOT,RS_XWC_002,XWC,QINIST_002,batch06,T053,003,053,RS_XWC_002_053,02_recordings/raw_audio/QINIST_002/XWC/RS_XWC_002_BAIYA_PILOT/raw/RS_XWC_002_BAIYA_PILOT_batch06_T051-T060.wav,零五三,零五三,053,053,25.600,27.420,0.994027,faster-whisper medium cpu int8 beam_size=5 word_timestamps=true,zh,matched,candidate,true,true,false,true,true,true,"ASR text matched expected slate variant; candidate only, manual review required. High no_speech_prob=0.503521; verify boundary carefully."
ASR_RS_XWC_002_BAIYA_PILOT_batch06_T054,RS_XWC_002_BAIYA_PILOT,RS_XWC_002,XWC,QINIST_002,batch06,T054,004,054,RS_XWC_002_054,02_recordings/raw_audio/QINIST_002/XWC/RS_XWC_002_BAIYA_PILOT/raw/RS_XWC_002_BAIYA_PILOT_batch06_T051-T060.wav,零五四,零五四,054,054,35.480,37.420,0.886629,faster-whisper medium cpu int8 beam_size=5 word_timestamps=true,zh,matched,candidate,true,true,false,true,true,true,"ASR text matched expected slate variant; candidate only, manual review required."
ASR_RS_XWC_002_BAIYA_PILOT_batch06_T055,RS_XWC_002_BAIYA_PILOT,RS_XWC_002,XWC,QINIST_002,batch06,T055,005,055,RS_XWC_002_055,02_recordings/raw_audio/QINIST_002/XWC/RS_XWC_002_BAIYA_PILOT/raw/RS_XWC_002_BAIYA_PILOT_batch06_T051-T060.wav,零五五,零五五,055,055,46.480,48.420,0.957974,faster-whisper medium cpu int8 beam_size=5 word_timestamps=true,zh,matched,candidate,true,true,false,true,true,true,"ASR text matched expected slate variant; candidate only, manual review required."
ASR_RS_XWC_002_BAIYA_PILOT_batch06_T056,RS_XWC_002_BAIYA_PILOT,RS_XWC_002,XWC,QINIST_002,batch06,T056,006,056,RS_XWC_002_056,02_recordings/raw_audio/QINIST_002/XWC/RS_XWC_002_BAIYA_PILOT/raw/RS_XWC_002_BAIYA_PILOT_batch06_T051-T060.wav,零五六,零五六,056,056,57.760,60.560,0.974959,faster-whisper medium cpu int8 beam_size=5 word_timestamps=true,zh,matched,candidate,true,true,false,true,true,true,"ASR text matched expected slate variant; candidate only, manual review required."
ASR_RS_XWC_002_BAIYA_PILOT_batch06_T057,RS_XWC_002_BAIYA_PILOT,RS_XWC_002,XWC,QINIST_002,batch06,T057,007,057,RS_XWC_002_057,02_recordings/raw_audio/QINIST_002/XWC/RS_XWC_002_BAIYA_PILOT/raw/RS_XWC_002_BAIYA_PILOT_batch06_T051-T060.wav,零五七,零五七,057,057,69.220,71.200,0.986563,faster-whisper medium cpu int8 beam_size=5 word_timestamps=true,zh,matched,candidate,true,true,false,true,true,true,"ASR text matched expected slate variant; candidate only, manual review required."
ASR_RS_XWC_002_BAIYA_PILOT_batch06_T058,RS_XWC_002_BAIYA_PILOT,RS_XWC_002,XWC,QINIST_002,batch06,T058,008,058,RS_XWC_002_058,02_recordings/raw_audio/QINIST_002/XWC/RS_XWC_002_BAIYA_PILOT/raw/RS_XWC_002_BAIYA_PILOT_batch06_T051-T060.wav,零五八,零五八,058,058,81.580,84.380,0.967855,faster-whisper medium cpu int8 beam_size=5 word_timestamps=true,zh,matched,candidate,true,true,false,true,true,true,"ASR text matched expected slate variant; candidate only, manual review required."
ASR_RS_XWC_002_BAIYA_PILOT_batch06_T059,RS_XWC_002_BAIYA_PILOT,RS_XWC_002,XWC,QINIST_002,batch06,T059,009,059,RS_XWC_002_059,02_recordings/raw_audio/QINIST_002/XWC/RS_XWC_002_BAIYA_PILOT/raw/RS_XWC_002_BAIYA_PILOT_batch06_T051-T060.wav,零五九,零五九,059,059,89.900,92.700,0.975919,faster-whisper medium cpu int8 beam_size=5 word_timestamps=true,zh,matched,candidate,true,true,false,true,true,true,"ASR text matched expected slate variant; candidate only, manual review required."
ASR_RS_XWC_002_BAIYA_PILOT_batch06_T060,RS_XWC_002_BAIYA_PILOT,RS_XWC_002,XWC,QINIST_002,batch06,T060,010,060,RS_XWC_002_060,02_recordings/raw_audio/QINIST_002/XWC/RS_XWC_002_BAIYA_PILOT/raw/RS_XWC_002_BAIYA_PILOT_batch06_T051-T060.wav,零六零,零六零,060,060,95.800,97.700,0.935099,faster-whisper medium cpu int8 beam_size=5 word_timestamps=true,zh,matched,candidate,true,true,false,true,true,true,"ASR text matched expected slate variant; candidate only, manual review required."
