generated_at,batch_id,take_id,event_id,source_raw_audio,clean_preview_audio,unit_preview_audio,tail_policy,tail_end_s,tail_duration_s,regenerated_from_raw,tail_recovery_unavailable,clean_preview_old_sha256,clean_preview_new_sha256,clean_preview_changed,unit_preview_old_sha256,unit_preview_new_sha256,unit_preview_changed
2026-06-20T21:54:37.052187+00:00,batch01,T001,XWC_P01_N01,02_recordings/raw_audio/QINIST_002/XWC/RS_XWC_002_BAIYA_PILOT/raw/RS_XWC_002_BAIYA_PILOT_batch01_T001-T010.wav,02_recordings/raw_audio/QINIST_002/XWC/RS_XWC_002_BAIYA_PILOT/split_preview/batch01/clean_previews/T001_clean_preview.wav,02_recordings/raw_audio/QINIST_002/XWC/RS_XWC_002_BAIYA_PILOT/split_preview/batch01/unit_previews/T001_unit_preview.wav,full_tail,11.090000,6.800000,true,false,338b69595cdf48fb63cddb0f770c789192b8985588a31f1e498b6ebbd5955286,338b69595cdf48fb63cddb0f770c789192b8985588a31f1e498b6ebbd5955286,false,5dbf7f691157dfa9d1a322036eaaf658000b97f512d20fdc6135a3cf85773901,5dbf7f691157dfa9d1a322036eaaf658000b97f512d20fdc6135a3cf85773901,false
2026-06-20T21:54:37.052187+00:00,batch01,T002,XWC_P01_N02,02_recordings/raw_audio/QINIST_002/XWC/RS_XWC_002_BAIYA_PILOT/raw/RS_XWC_002_BAIYA_PILOT_batch01_T001-T010.wav,02_recordings/raw_audio/QINIST_002/XWC/RS_XWC_002_BAIYA_PILOT/split_preview/batch01/clean_previews/T002_clean_preview.wav,02_recordings/raw_audio/QINIST_002/XWC/RS_XWC_002_BAIYA_PILOT/split_preview/batch01/unit_previews/T002_unit_preview.wav,full_tail,22.110000,6.160000,true,false,2bc9c4a54a9d8a19b274830429d999e39f7877a01c04946f74873cae0424fce2,2bc9c4a54a9d8a19b274830429d999e39f7877a01c04946f74873cae0424fce2,false,e456da6d8afb4a1f3074f0fd0d30f2b422f8b26551e08354b2743fcaec9910b4,e456da6d8afb4a1f3074f0fd0d30f2b422f8b26551e08354b2743fcaec9910b4,false
2026-06-20T21:54:37.052187+00:00,batch01,T003,XWC_P01_N03,02_recordings/raw_audio/QINIST_002/XWC/RS_XWC_002_BAIYA_PILOT/raw/RS_XWC_002_BAIYA_PILOT_batch01_T001-T010.wav,02_recordings/raw_audio/QINIST_002/XWC/RS_XWC_002_BAIYA_PILOT/split_preview/batch01/clean_previews/T003_clean_preview.wav,02_recordings/raw_audio/QINIST_002/XWC/RS_XWC_002_BAIYA_PILOT/split_preview/batch01/unit_previews/T003_unit_preview.wav,full_tail,38.580000,10.900000,true,false,23bfcd500d2f88f3d83daf9c398746cd5374d179ec05978b4d23b1e3ca31979d,23bfcd500d2f88f3d83daf9c398746cd5374d179ec05978b4d23b1e3ca31979d,false,f1b8192fcfda35f62a6bf62a9fdd2aa41006a5c8a818b979ecdba2ee593f8524,f1b8192fcfda35f62a6bf62a9fdd2aa41006a5c8a818b979ecdba2ee593f8524,false
2026-06-20T21:54:37.052187+00:00,batch01,T004,XWC_P01_N04,02_recordings/raw_audio/QINIST_002/XWC/RS_XWC_002_BAIYA_PILOT/raw/RS_XWC_002_BAIYA_PILOT_batch01_T001-T010.wav,02_recordings/raw_audio/QINIST_002/XWC/RS_XWC_002_BAIYA_PILOT/split_preview/batch01/clean_previews/T004_clean_preview.wav,02_recordings/raw_audio/QINIST_002/XWC/RS_XWC_002_BAIYA_PILOT/split_preview/batch01/unit_previews/T004_unit_preview.wav,full_tail,48.140000,7.260000,true,false,6069eb277dbde03eee7a00617165f671b0ec4d5f7834aaa9fd8362241dd7e4ce,6069eb277dbde03eee7a00617165f671b0ec4d5f7834aaa9fd8362241dd7e4ce,false,856d1772d2fc93cfe0c6e6cdbadbb5dfaf02542c8a784beb457f849f77da4067,856d1772d2fc93cfe0c6e6cdbadbb5dfaf02542c8a784beb457f849f77da4067,false
2026-06-20T21:54:37.052187+00:00,batch01,T005,XWC_P01_N04,02_recordings/raw_audio/QINIST_002/XWC/RS_XWC_002_BAIYA_PILOT/raw/RS_XWC_002_BAIYA_PILOT_batch01_T001-T010.wav,02_recordings/raw_audio/QINIST_002/XWC/RS_XWC_002_BAIYA_PILOT/split_preview/batch01/clean_previews/T005_clean_preview.wav,02_recordings/raw_audio/QINIST_002/XWC/RS_XWC_002_BAIYA_PILOT/split_preview/batch01/unit_previews/T005_unit_preview.wav,full_tail,57.520000,7.980000,true,false,36a071cb096687813965460b6b9003880a6c4b608a95624a74cb02b8eec3ccc8,36a071cb096687813965460b6b9003880a6c4b608a95624a74cb02b8eec3ccc8,false,f91e24147efd2bc23a6f7e70c1906873f37d2fe7e59d3f052779f2ddbf0886b0,f91e24147efd2bc23a6f7e70c1906873f37d2fe7e59d3f052779f2ddbf0886b0,false
2026-06-20T21:54:37.052187+00:00,batch01,T006,XWC_P02_N01,02_recordings/raw_audio/QINIST_002/XWC/RS_XWC_002_BAIYA_PILOT/raw/RS_XWC_002_BAIYA_PILOT_batch01_T001-T010.wav,02_recordings/raw_audio/QINIST_002/XWC/RS_XWC_002_BAIYA_PILOT/split_preview/batch01/clean_previews/T006_clean_preview.wav,02_recordings/raw_audio/QINIST_002/XWC/RS_XWC_002_BAIYA_PILOT/split_preview/batch01/unit_previews/T006_unit_preview.wav,full_tail,67.320000,7.390000,true,false,d381977e440dee7f1311ef5b30b2dd43c7993713ca1d1db107c520cf653e2003,d381977e440dee7f1311ef5b30b2dd43c7993713ca1d1db107c520cf653e2003,false,21671980fe70815a391013788a540317c6429646439dd412b73d1bad16806840,21671980fe70815a391013788a540317c6429646439dd412b73d1bad16806840,false
2026-06-20T21:54:37.052187+00:00,batch01,T007,XWC_P02_N02,02_recordings/raw_audio/QINIST_002/XWC/RS_XWC_002_BAIYA_PILOT/raw/RS_XWC_002_BAIYA_PILOT_batch01_T001-T010.wav,02_recordings/raw_audio/QINIST_002/XWC/RS_XWC_002_BAIYA_PILOT/split_preview/batch01/clean_previews/T007_clean_preview.wav,02_recordings/raw_audio/QINIST_002/XWC/RS_XWC_002_BAIYA_PILOT/split_preview/batch01/unit_previews/T007_unit_preview.wav,full_tail,78.060000,8.700000,true,false,ea94d8525d96ee5419dca6dc7aa50f745a2fa9a900774ad7aa886891a00e27b2,ea94d8525d96ee5419dca6dc7aa50f745a2fa9a900774ad7aa886891a00e27b2,false,f369fe1cf686fc264e3c5ec3d796194213914c502eb7f8fe8fc06b1cb6bcc5de,f369fe1cf686fc264e3c5ec3d796194213914c502eb7f8fe8fc06b1cb6bcc5de,false
2026-06-20T21:54:37.052187+00:00,batch01,T008,XWC_P02_N03,02_recordings/raw_audio/QINIST_002/XWC/RS_XWC_002_BAIYA_PILOT/raw/RS_XWC_002_BAIYA_PILOT_batch01_T001-T010.wav,02_recordings/raw_audio/QINIST_002/XWC/RS_XWC_002_BAIYA_PILOT/split_preview/batch01/clean_previews/T008_clean_preview.wav,02_recordings/raw_audio/QINIST_002/XWC/RS_XWC_002_BAIYA_PILOT/split_preview/batch01/unit_previews/T008_unit_preview.wav,full_tail,88.700000,8.140000,true,false,faf5784757cbff3e8cf8a8129b0a1c2daf016e3f0e86547a6e64d6da091022fe,faf5784757cbff3e8cf8a8129b0a1c2daf016e3f0e86547a6e64d6da091022fe,false,9d336ef5903985822736bea6be8972c7bb6234efa9484bad3771c9bca6cdcd5b,9d336ef5903985822736bea6be8972c7bb6234efa9484bad3771c9bca6cdcd5b,false
2026-06-20T21:54:37.052187+00:00,batch01,T009,XWC_P02_N04,02_recordings/raw_audio/QINIST_002/XWC/RS_XWC_002_BAIYA_PILOT/raw/RS_XWC_002_BAIYA_PILOT_batch01_T001-T010.wav,02_recordings/raw_audio/QINIST_002/XWC/RS_XWC_002_BAIYA_PILOT/split_preview/batch01/clean_previews/T009_clean_preview.wav,02_recordings/raw_audio/QINIST_002/XWC/RS_XWC_002_BAIYA_PILOT/split_preview/batch01/unit_previews/T009_unit_preview.wav,full_tail,100.060000,9.350000,true,false,826d34cdceda019be7afe0e0718670363a22984f5b27bf39ae73769e55a07e58,826d34cdceda019be7afe0e0718670363a22984f5b27bf39ae73769e55a07e58,false,3fc52018a742e4eba54b90455e5cbe394b9b8d7f793c57933ede73680b0a192d,3fc52018a742e4eba54b90455e5cbe394b9b8d7f793c57933ede73680b0a192d,false
2026-06-20T21:54:37.052187+00:00,batch01,T010,XWC_P02_N04,02_recordings/raw_audio/QINIST_002/XWC/RS_XWC_002_BAIYA_PILOT/raw/RS_XWC_002_BAIYA_PILOT_batch01_T001-T010.wav,02_recordings/raw_audio/QINIST_002/XWC/RS_XWC_002_BAIYA_PILOT/split_preview/batch01/clean_previews/T010_clean_preview.wav,02_recordings/raw_audio/QINIST_002/XWC/RS_XWC_002_BAIYA_PILOT/split_preview/batch01/unit_previews/T010_unit_preview.wav,full_tail,115.170476,13.110476,true,false,79fd887ad2b9d1437ccfd1da314f2e02f8a575385b84edec49d2988513602069,79fd887ad2b9d1437ccfd1da314f2e02f8a575385b84edec49d2988513602069,false,e2f6a79f400fc89438724c9b88d5859524fa94396655e321402e109286773415,e2f6a79f400fc89438724c9b88d5859524fa94396655e321402e109286773415,false
2026-06-20T21:54:37.052187+00:00,batch02,T011,XWC_P02_N05,02_recordings/raw_audio/QINIST_002/XWC/RS_XWC_002_BAIYA_PILOT/raw/RS_XWC_002_BAIYA_PILOT_batch02_T011-T020.wav,02_recordings/raw_audio/QINIST_002/XWC/RS_XWC_002_BAIYA_PILOT/split_preview/batch02/clean_previews/T011_clean_preview.wav,02_recordings/raw_audio/QINIST_002/XWC/RS_XWC_002_BAIYA_PILOT/split_preview/batch02/unit_previews/T011_unit_preview.wav,full_tail,15.780000,10.570000,true,false,0e2a5ea210062fcd6d1d2c1f8601117466cf650355ab5dc3bc4f6b2afa67fb6b,0e2a5ea210062fcd6d1d2c1f8601117466cf650355ab5dc3bc4f6b2afa67fb6b,false,c5e6f0ed6b4b0f31c2fb47c09ba766d8e989a786eb19f52218c78fa45fd5ee16,c5e6f0ed6b4b0f31c2fb47c09ba766d8e989a786eb19f52218c78fa45fd5ee16,false
2026-06-20T21:54:37.052187+00:00,batch02,T012,XWC_P02_N06,02_recordings/raw_audio/QINIST_002/XWC/RS_XWC_002_BAIYA_PILOT/raw/RS_XWC_002_BAIYA_PILOT_batch02_T011-T020.wav,02_recordings/raw_audio/QINIST_002/XWC/RS_XWC_002_BAIYA_PILOT/split_preview/batch02/clean_previews/T012_clean_preview.wav,02_recordings/raw_audio/QINIST_002/XWC/RS_XWC_002_BAIYA_PILOT/split_preview/batch02/unit_previews/T012_unit_preview.wav,full_tail,26.340000,8.120000,true,false,d19804504df84c5072b2e1da78a0cb83c6b854ee53742a2c2f016c10d5aa778c,d19804504df84c5072b2e1da78a0cb83c6b854ee53742a2c2f016c10d5aa778c,false,d375bc5d7aae2b1dd2d60577676b5ed0b150cac0be08fb2257b81759f23efb72,d375bc5d7aae2b1dd2d60577676b5ed0b150cac0be08fb2257b81759f23efb72,false
2026-06-20T21:54:37.052187+00:00,batch02,T013,XWC_P02_N06,02_recordings/raw_audio/QINIST_002/XWC/RS_XWC_002_BAIYA_PILOT/raw/RS_XWC_002_BAIYA_PILOT_batch02_T011-T020.wav,02_recordings/raw_audio/QINIST_002/XWC/RS_XWC_002_BAIYA_PILOT/split_preview/batch02/clean_previews/T013_clean_preview.wav,02_recordings/raw_audio/QINIST_002/XWC/RS_XWC_002_BAIYA_PILOT/split_preview/batch02/unit_previews/T013_unit_preview.wav,full_tail,37.300000,8.910000,true,false,c112947ce7cd9531c0d05abc2fb1f6f0751cd49929a50c64ddc4bd4c2f089083,c112947ce7cd9531c0d05abc2fb1f6f0751cd49929a50c64ddc4bd4c2f089083,false,3b7752ee0c46dab18ef01b7f417437d72c5fd3b9f8267256e07cdcce5de37c79,3b7752ee0c46dab18ef01b7f417437d72c5fd3b9f8267256e07cdcce5de37c79,false
2026-06-20T21:54:37.052187+00:00,batch02,T014,XWC_P03_N01,02_recordings/raw_audio/QINIST_002/XWC/RS_XWC_002_BAIYA_PILOT/raw/RS_XWC_002_BAIYA_PILOT_batch02_T011-T020.wav,02_recordings/raw_audio/QINIST_002/XWC/RS_XWC_002_BAIYA_PILOT/split_preview/batch02/clean_previews/T014_clean_preview.wav,02_recordings/raw_audio/QINIST_002/XWC/RS_XWC_002_BAIYA_PILOT/split_preview/batch02/unit_previews/T014_unit_preview.wav,full_tail,47.160000,7.500000,true,false,6db35e7ce29e5bfa2e41bed66d6332a9f3ed45ef31c61aec7a83c1cba7fa56fb,6db35e7ce29e5bfa2e41bed66d6332a9f3ed45ef31c61aec7a83c1cba7fa56fb,false,7bcaa80bb291639ff166fbb2408658bcbc2306098ed6b2295fa2ca7f5feeb895,7bcaa80bb291639ff166fbb2408658bcbc2306098ed6b2295fa2ca7f5feeb895,false
2026-06-20T21:54:37.052187+00:00,batch02,T015,XWC_P03_N02,02_recordings/raw_audio/QINIST_002/XWC/RS_XWC_002_BAIYA_PILOT/raw/RS_XWC_002_BAIYA_PILOT_batch02_T011-T020.wav,02_recordings/raw_audio/QINIST_002/XWC/RS_XWC_002_BAIYA_PILOT/split_preview/batch02/clean_previews/T015_clean_preview.wav,02_recordings/raw_audio/QINIST_002/XWC/RS_XWC_002_BAIYA_PILOT/split_preview/batch02/unit_previews/T015_unit_preview.wav,full_tail,56.320000,7.080000,true,false,052358103882a0bfe6cdf4f1b1d193280c7ada0a547f2bdfc2884c2209797d0e,052358103882a0bfe6cdf4f1b1d193280c7ada0a547f2bdfc2884c2209797d0e,false,dab25c2535a22aacfd75c3176c7240f28dd95272eb999537c8730d4a84c87bd0,dab25c2535a22aacfd75c3176c7240f28dd95272eb999537c8730d4a84c87bd0,false
2026-06-20T21:54:37.052187+00:00,batch02,T016,XWC_P03_N03,02_recordings/raw_audio/QINIST_002/XWC/RS_XWC_002_BAIYA_PILOT/raw/RS_XWC_002_BAIYA_PILOT_batch02_T011-T020.wav,02_recordings/raw_audio/QINIST_002/XWC/RS_XWC_002_BAIYA_PILOT/split_preview/batch02/clean_previews/T016_clean_preview.wav,02_recordings/raw_audio/QINIST_002/XWC/RS_XWC_002_BAIYA_PILOT/split_preview/batch02/unit_previews/T016_unit_preview.wav,full_tail,65.760000,7.640000,true,false,a0a39c3ff81f8773b7861254c37beca2bfbf36848fab26ff32b28ff75f6d8b56,a0a39c3ff81f8773b7861254c37beca2bfbf36848fab26ff32b28ff75f6d8b56,false,cd3a72775813c45e42800797b596543d3f15c37761e37930843d8641907c7369,cd3a72775813c45e42800797b596543d3f15c37761e37930843d8641907c7369,false
2026-06-20T21:54:37.052187+00:00,batch02,T017,XWC_P03_N04,02_recordings/raw_audio/QINIST_002/XWC/RS_XWC_002_BAIYA_PILOT/raw/RS_XWC_002_BAIYA_PILOT_batch02_T011-T020.wav,02_recordings/raw_audio/QINIST_002/XWC/RS_XWC_002_BAIYA_PILOT/split_preview/batch02/clean_previews/T017_clean_preview.wav,02_recordings/raw_audio/QINIST_002/XWC/RS_XWC_002_BAIYA_PILOT/split_preview/batch02/unit_previews/T017_unit_preview.wav,full_tail,75.220000,6.780000,true,false,d2ee0eb535c4c8adb2818b0f986d3872f174cfac4c5b8c947a3e270d5adb0cab,d2ee0eb535c4c8adb2818b0f986d3872f174cfac4c5b8c947a3e270d5adb0cab,false,def1d66febe7eef6291d9b7b71504a7ffe530d350bbf2fb3795f9dee5be15a77,def1d66febe7eef6291d9b7b71504a7ffe530d350bbf2fb3795f9dee5be15a77,false
2026-06-20T21:54:37.052187+00:00,batch02,T018,XWC_P03_N04,02_recordings/raw_audio/QINIST_002/XWC/RS_XWC_002_BAIYA_PILOT/raw/RS_XWC_002_BAIYA_PILOT_batch02_T011-T020.wav,02_recordings/raw_audio/QINIST_002/XWC/RS_XWC_002_BAIYA_PILOT/split_preview/batch02/clean_previews/T018_clean_preview.wav,02_recordings/raw_audio/QINIST_002/XWC/RS_XWC_002_BAIYA_PILOT/split_preview/batch02/unit_previews/T018_unit_preview.wav,full_tail,83.940000,5.920000,true,false,d9d3a5be8cb0b9816a89b4f3735ce4cf517f3114a7c96235194fed3cbd315b5c,d9d3a5be8cb0b9816a89b4f3735ce4cf517f3114a7c96235194fed3cbd315b5c,false,423f5fb838444a69e0d18f0ce3b9460b314f50ce480ced305b8dbb5b60b31b90,423f5fb838444a69e0d18f0ce3b9460b314f50ce480ced305b8dbb5b60b31b90,false
2026-06-20T21:54:37.052187+00:00,batch02,T019,XWC_P03_N05,02_recordings/raw_audio/QINIST_002/XWC/RS_XWC_002_BAIYA_PILOT/raw/RS_XWC_002_BAIYA_PILOT_batch02_T011-T020.wav,02_recordings/raw_audio/QINIST_002/XWC/RS_XWC_002_BAIYA_PILOT/split_preview/batch02/clean_previews/T019_clean_preview.wav,02_recordings/raw_audio/QINIST_002/XWC/RS_XWC_002_BAIYA_PILOT/split_preview/batch02/unit_previews/T019_unit_preview.wav,full_tail,93.320000,6.580000,true,false,0bdc4679f691be03c3537143bd50aa7336bd1a56fbdea05abd4701651623bdc8,0bdc4679f691be03c3537143bd50aa7336bd1a56fbdea05abd4701651623bdc8,false,e9702f50ec5a2f5474686dcb84c7becd8dc77cd9e59949e1f69e11ae2251fa69,e9702f50ec5a2f5474686dcb84c7becd8dc77cd9e59949e1f69e11ae2251fa69,false
2026-06-20T21:54:37.052187+00:00,batch02,T020,XWC_P03_N06,02_recordings/raw_audio/QINIST_002/XWC/RS_XWC_002_BAIYA_PILOT/raw/RS_XWC_002_BAIYA_PILOT_batch02_T011-T020.wav,02_recordings/raw_audio/QINIST_002/XWC/RS_XWC_002_BAIYA_PILOT/split_preview/batch02/clean_previews/T020_clean_preview.wav,02_recordings/raw_audio/QINIST_002/XWC/RS_XWC_002_BAIYA_PILOT/split_preview/batch02/unit_previews/T020_unit_preview.wav,full_tail,104.024898,8.524898,true,false,d2457de1f5cbe2fc6a325359884d2061ff2e72c4b314091352c32c2a8dd26bf4,d2457de1f5cbe2fc6a325359884d2061ff2e72c4b314091352c32c2a8dd26bf4,false,6c4b0c19115a4d801862886b8e6c05ee66f2f28c8e35c6c986ec203226e046ab,6c4b0c19115a4d801862886b8e6c05ee66f2f28c8e35c6c986ec203226e046ab,false
2026-06-20T21:54:37.052187+00:00,batch03,T021,XWC_P03_N06,02_recordings/raw_audio/QINIST_002/XWC/RS_XWC_002_BAIYA_PILOT/raw/RS_XWC_002_BAIYA_PILOT_batch03_T021-T030.wav,02_recordings/raw_audio/QINIST_002/XWC/RS_XWC_002_BAIYA_PILOT/split_preview/batch03/clean_previews/T021_clean_preview.wav,02_recordings/raw_audio/QINIST_002/XWC/RS_XWC_002_BAIYA_PILOT/split_preview/batch03/unit_previews/T021_unit_preview.wav,full_tail,10.200000,6.200000,true,false,31ebbedde3e74070c5b5a9482960ade1aedc853d6dd13bd1cd45b90c0730965c,31ebbedde3e74070c5b5a9482960ade1aedc853d6dd13bd1cd45b90c0730965c,false,b329fc9af777e7f18a4f6bea0b9dba2bdd08715ee5f2d5cb6dbc83c6396f494d,b329fc9af777e7f18a4f6bea0b9dba2bdd08715ee5f2d5cb6dbc83c6396f494d,false
2026-06-20T21:54:37.052187+00:00,batch03,T022,XWC_P04_N01,02_recordings/raw_audio/QINIST_002/XWC/RS_XWC_002_BAIYA_PILOT/raw/RS_XWC_002_BAIYA_PILOT_batch03_T021-T030.wav,02_recordings/raw_audio/QINIST_002/XWC/RS_XWC_002_BAIYA_PILOT/split_preview/batch03/clean_previews/T022_clean_preview.wav,02_recordings/raw_audio/QINIST_002/XWC/RS_XWC_002_BAIYA_PILOT/split_preview/batch03/unit_previews/T022_unit_preview.wav,full_tail,19.720000,7.140000,true,false,c0ef547785f70b24f200cf65436325b7b7863b2a401d0236b20dc84119f404a3,c0ef547785f70b24f200cf65436325b7b7863b2a401d0236b20dc84119f404a3,false,8da7b9d32a8d42bbd3bf6adc4ef1359e5d6499cb6c70ecd985611b9795a9df31,8da7b9d32a8d42bbd3bf6adc4ef1359e5d6499cb6c70ecd985611b9795a9df31,false
2026-06-20T21:54:37.052187+00:00,batch03,T023,XWC_P04_N02,02_recordings/raw_audio/QINIST_002/XWC/RS_XWC_002_BAIYA_PILOT/raw/RS_XWC_002_BAIYA_PILOT_batch03_T021-T030.wav,02_recordings/raw_audio/QINIST_002/XWC/RS_XWC_002_BAIYA_PILOT/split_preview/batch03/clean_previews/T023_clean_preview.wav,02_recordings/raw_audio/QINIST_002/XWC/RS_XWC_002_BAIYA_PILOT/split_preview/batch03/unit_previews/T023_unit_preview.wav,full_tail,30.000000,8.280000,true,false,5eb1c1b126a496218301ccfb5608b0c20b8a462709db2418f7972eb3d3b2187a,5eb1c1b126a496218301ccfb5608b0c20b8a462709db2418f7972eb3d3b2187a,false,e7084d34560099581c21c8d5eaabd298300dd3fc20f405f48943666169712371,e7084d34560099581c21c8d5eaabd298300dd3fc20f405f48943666169712371,false
2026-06-20T21:54:37.052187+00:00,batch03,T024,XWC_P04_N03,02_recordings/raw_audio/QINIST_002/XWC/RS_XWC_002_BAIYA_PILOT/raw/RS_XWC_002_BAIYA_PILOT_batch03_T021-T030.wav,02_recordings/raw_audio/QINIST_002/XWC/RS_XWC_002_BAIYA_PILOT/split_preview/batch03/clean_previews/T024_clean_preview.wav,02_recordings/raw_audio/QINIST_002/XWC/RS_XWC_002_BAIYA_PILOT/split_preview/batch03/unit_previews/T024_unit_preview.wav,full_tail,42.200000,9.620000,true,false,63530045acef0b57a4a2c8f818dfc8b620e038119f9a4953a8383012bb473f8d,63530045acef0b57a4a2c8f818dfc8b620e038119f9a4953a8383012bb473f8d,false,7631771718cd6581fdec34e81ac99f5c08a2d0568a5a084aaee7aa57a813aa48,7631771718cd6581fdec34e81ac99f5c08a2d0568a5a084aaee7aa57a813aa48,false
2026-06-20T21:54:37.052187+00:00,batch03,T025,XWC_P04_N04,02_recordings/raw_audio/QINIST_002/XWC/RS_XWC_002_BAIYA_PILOT/raw/RS_XWC_002_BAIYA_PILOT_batch03_T021-T030.wav,02_recordings/raw_audio/QINIST_002/XWC/RS_XWC_002_BAIYA_PILOT/split_preview/batch03/clean_previews/T025_clean_preview.wav,02_recordings/raw_audio/QINIST_002/XWC/RS_XWC_002_BAIYA_PILOT/split_preview/batch03/unit_previews/T025_unit_preview.wav,full_tail,51.560000,6.560000,true,false,f2a1222a5231c7933b659be8109459049621ff1c5152882f1efb7fbc81b3ef35,f2a1222a5231c7933b659be8109459049621ff1c5152882f1efb7fbc81b3ef35,false,85b9dbb00425899b163aadf1ddde0e47026f27dde90b04ffc5fed732694799ec,85b9dbb00425899b163aadf1ddde0e47026f27dde90b04ffc5fed732694799ec,false
2026-06-20T21:54:37.052187+00:00,batch03,T026,XWC_P04_N04,02_recordings/raw_audio/QINIST_002/XWC/RS_XWC_002_BAIYA_PILOT/raw/RS_XWC_002_BAIYA_PILOT_batch03_T021-T030.wav,02_recordings/raw_audio/QINIST_002/XWC/RS_XWC_002_BAIYA_PILOT/split_preview/batch03/clean_previews/T026_clean_preview.wav,02_recordings/raw_audio/QINIST_002/XWC/RS_XWC_002_BAIYA_PILOT/split_preview/batch03/unit_previews/T026_unit_preview.wav,full_tail,60.820000,7.320000,true,false,23d14ec155112536bf96bc463e4dfe363eee8f166781b102996fd3e47451b65b,23d14ec155112536bf96bc463e4dfe363eee8f166781b102996fd3e47451b65b,false,71621ce60f037cb8817c53a9b12e8d100056bfcbf9115edc8269d377f4577ffc,71621ce60f037cb8817c53a9b12e8d100056bfcbf9115edc8269d377f4577ffc,false
2026-06-20T21:54:37.052187+00:00,batch03,T027,XWC_P04_N05,02_recordings/raw_audio/QINIST_002/XWC/RS_XWC_002_BAIYA_PILOT/raw/RS_XWC_002_BAIYA_PILOT_batch03_T021-T030.wav,02_recordings/raw_audio/QINIST_002/XWC/RS_XWC_002_BAIYA_PILOT/split_preview/batch03/clean_previews/T027_clean_preview.wav,02_recordings/raw_audio/QINIST_002/XWC/RS_XWC_002_BAIYA_PILOT/split_preview/batch03/unit_previews/T027_unit_preview.wav,full_tail,70.700000,7.350000,true,false,b97f4c0d2463b5275e146d058760d597570e4ad9dcba7227a5e8104e5aec8e60,b97f4c0d2463b5275e146d058760d597570e4ad9dcba7227a5e8104e5aec8e60,false,32512974d8c42d57e6ca74b0b6ba2e3d22559fca5f31b03541b2f3b24cee0d45,32512974d8c42d57e6ca74b0b6ba2e3d22559fca5f31b03541b2f3b24cee0d45,false
2026-06-20T21:54:37.052187+00:00,batch03,T028,XWC_P04_N06,02_recordings/raw_audio/QINIST_002/XWC/RS_XWC_002_BAIYA_PILOT/raw/RS_XWC_002_BAIYA_PILOT_batch03_T021-T030.wav,02_recordings/raw_audio/QINIST_002/XWC/RS_XWC_002_BAIYA_PILOT/split_preview/batch03/clean_previews/T028_clean_preview.wav,02_recordings/raw_audio/QINIST_002/XWC/RS_XWC_002_BAIYA_PILOT/split_preview/batch03/unit_previews/T028_unit_preview.wav,full_tail,80.960000,7.460000,true,false,ed7b062d3ce003113253e92d6d50638c0a5db6a3e5f1782d5f5e6fe05d8f36df,ed7b062d3ce003113253e92d6d50638c0a5db6a3e5f1782d5f5e6fe05d8f36df,false,f7a5f60122070069ac48bc5a79b5f22d0348d53015ca5941a496f29429cd4b9f,f7a5f60122070069ac48bc5a79b5f22d0348d53015ca5941a496f29429cd4b9f,false
2026-06-20T21:54:37.052187+00:00,batch03,T029,XWC_P04_N06,02_recordings/raw_audio/QINIST_002/XWC/RS_XWC_002_BAIYA_PILOT/raw/RS_XWC_002_BAIYA_PILOT_batch03_T021-T030.wav,02_recordings/raw_audio/QINIST_002/XWC/RS_XWC_002_BAIYA_PILOT/split_preview/batch03/clean_previews/T029_clean_preview.wav,02_recordings/raw_audio/QINIST_002/XWC/RS_XWC_002_BAIYA_PILOT/split_preview/batch03/unit_previews/T029_unit_preview.wav,full_tail,90.600000,7.680000,true,false,7a981760e5b12073f4e8cdcb8a31542d89e03c994a259cac63cc3ed5147fabd9,7a981760e5b12073f4e8cdcb8a31542d89e03c994a259cac63cc3ed5147fabd9,false,e7a9a92be5f7ca462adee454de1fb70308b223a4028737bb1b44b9909783881f,e7a9a92be5f7ca462adee454de1fb70308b223a4028737bb1b44b9909783881f,false
2026-06-20T21:54:37.052187+00:00,batch03,T030,XWC_P05_N01,02_recordings/raw_audio/QINIST_002/XWC/RS_XWC_002_BAIYA_PILOT/raw/RS_XWC_002_BAIYA_PILOT_batch03_T021-T030.wav,02_recordings/raw_audio/QINIST_002/XWC/RS_XWC_002_BAIYA_PILOT/split_preview/batch03/clean_previews/T030_clean_preview.wav,02_recordings/raw_audio/QINIST_002/XWC/RS_XWC_002_BAIYA_PILOT/split_preview/batch03/unit_previews/T030_unit_preview.wav,full_tail,103.281859,10.321859,true,false,bb2720c729c4ad33d2917426217c20643276cece96b9c55b6394352b502ebcb0,bb2720c729c4ad33d2917426217c20643276cece96b9c55b6394352b502ebcb0,false,e1340e4292db35ce8988185001704093d2237814c1aa558fc906e11ea9cf0888,e1340e4292db35ce8988185001704093d2237814c1aa558fc906e11ea9cf0888,false
2026-06-20T21:54:37.052187+00:00,batch04,T031,XWC_P05_N02,02_recordings/raw_audio/QINIST_002/XWC/RS_XWC_002_BAIYA_PILOT/raw/RS_XWC_002_BAIYA_PILOT_batch04_T031-T040.wav,02_recordings/raw_audio/QINIST_002/XWC/RS_XWC_002_BAIYA_PILOT/split_preview/batch04/clean_previews/T031_clean_preview.wav,02_recordings/raw_audio/QINIST_002/XWC/RS_XWC_002_BAIYA_PILOT/split_preview/batch04/unit_previews/T031_unit_preview.wav,full_tail,10.240000,7.240000,true,false,32aec79e761f12f1248642fefb75f04d6308635bfe400262270b3ceedb140114,32aec79e761f12f1248642fefb75f04d6308635bfe400262270b3ceedb140114,false,01b7faf294c50dfc19b1616c8dd5b70216c7ddd491d08661b6c58e147456fbea,01b7faf294c50dfc19b1616c8dd5b70216c7ddd491d08661b6c58e147456fbea,false
2026-06-20T21:54:37.052187+00:00,batch04,T032,XWC_P05_N03,02_recordings/raw_audio/QINIST_002/XWC/RS_XWC_002_BAIYA_PILOT/raw/RS_XWC_002_BAIYA_PILOT_batch04_T031-T040.wav,02_recordings/raw_audio/QINIST_002/XWC/RS_XWC_002_BAIYA_PILOT/split_preview/batch04/clean_previews/T032_clean_preview.wav,02_recordings/raw_audio/QINIST_002/XWC/RS_XWC_002_BAIYA_PILOT/split_preview/batch04/unit_previews/T032_unit_preview.wav,full_tail,21.640000,6.850000,true,false,c79ac17d1b1727fdee37a4564c9e5cdfd31a7724f2565b9c67736c65b686d454,c79ac17d1b1727fdee37a4564c9e5cdfd31a7724f2565b9c67736c65b686d454,false,31ae4aeff2d0b72272c3f7bb1912470cedf4988c7a2b1f4bc3622b72ee82c755,31ae4aeff2d0b72272c3f7bb1912470cedf4988c7a2b1f4bc3622b72ee82c755,false
2026-06-20T21:54:37.052187+00:00,batch04,T033,XWC_P05_N04,02_recordings/raw_audio/QINIST_002/XWC/RS_XWC_002_BAIYA_PILOT/raw/RS_XWC_002_BAIYA_PILOT_batch04_T031-T040.wav,02_recordings/raw_audio/QINIST_002/XWC/RS_XWC_002_BAIYA_PILOT/split_preview/batch04/clean_previews/T033_clean_preview.wav,02_recordings/raw_audio/QINIST_002/XWC/RS_XWC_002_BAIYA_PILOT/split_preview/batch04/unit_previews/T033_unit_preview.wav,full_tail,30.930000,7.090000,true,false,5b4c0f1b5193dfa8941ca3513b8cfe0990cd99784cacf3667891ff602edbe3b7,5b4c0f1b5193dfa8941ca3513b8cfe0990cd99784cacf3667891ff602edbe3b7,false,e14cca0d112a7f8dcb2202e14fcaa2707c49edf11b0cbb0f600530cdc3ae662e,e14cca0d112a7f8dcb2202e14fcaa2707c49edf11b0cbb0f600530cdc3ae662e,false
2026-06-20T21:54:37.052187+00:00,batch04,T034,XWC_P05_N04,02_recordings/raw_audio/QINIST_002/XWC/RS_XWC_002_BAIYA_PILOT/raw/RS_XWC_002_BAIYA_PILOT_batch04_T031-T040.wav,02_recordings/raw_audio/QINIST_002/XWC/RS_XWC_002_BAIYA_PILOT/split_preview/batch04/clean_previews/T034_clean_preview.wav,02_recordings/raw_audio/QINIST_002/XWC/RS_XWC_002_BAIYA_PILOT/split_preview/batch04/unit_previews/T034_unit_preview.wav,full_tail,40.650000,7.070000,true,false,1769a460f5ae8031c9d1d96cdb0be7918d9481885f69e649b474dd3c181a0dc7,1769a460f5ae8031c9d1d96cdb0be7918d9481885f69e649b474dd3c181a0dc7,false,b14739bf8fb7532c54c20837e122895ec7511bdb0a78cce81e1138e9bbc56a77,b14739bf8fb7532c54c20837e122895ec7511bdb0a78cce81e1138e9bbc56a77,false
2026-06-20T21:54:37.052187+00:00,batch04,T035,XWC_P05_N05,02_recordings/raw_audio/QINIST_002/XWC/RS_XWC_002_BAIYA_PILOT/raw/RS_XWC_002_BAIYA_PILOT_batch04_T031-T040.wav,02_recordings/raw_audio/QINIST_002/XWC/RS_XWC_002_BAIYA_PILOT/split_preview/batch04/clean_previews/T035_clean_preview.wav,02_recordings/raw_audio/QINIST_002/XWC/RS_XWC_002_BAIYA_PILOT/split_preview/batch04/unit_previews/T035_unit_preview.wav,full_tail,50.000000,7.160000,true,false,438a7b7ebeb78dad620650a482f72c64445a78f797e3c46bfe5f5c61c3a29a69,438a7b7ebeb78dad620650a482f72c64445a78f797e3c46bfe5f5c61c3a29a69,false,01bbae4640060cffded6e1623533028ae2acdc193ed4f66b395d8d818b183f37,01bbae4640060cffded6e1623533028ae2acdc193ed4f66b395d8d818b183f37,false
2026-06-20T21:54:37.052187+00:00,batch04,T036,XWC_P05_N06,02_recordings/raw_audio/QINIST_002/XWC/RS_XWC_002_BAIYA_PILOT/raw/RS_XWC_002_BAIYA_PILOT_batch04_T031-T040.wav,02_recordings/raw_audio/QINIST_002/XWC/RS_XWC_002_BAIYA_PILOT/split_preview/batch04/clean_previews/T036_clean_preview.wav,02_recordings/raw_audio/QINIST_002/XWC/RS_XWC_002_BAIYA_PILOT/split_preview/batch04/unit_previews/T036_unit_preview.wav,full_tail,59.730000,8.300000,true,false,fba3ae8c3d8059a74b2704cdfe96cc4fac8ebf4811f01512ba938ce921746247,fba3ae8c3d8059a74b2704cdfe96cc4fac8ebf4811f01512ba938ce921746247,false,027b428a9f6da89c2491c4b56f046e37d234cb821a5c174e3bae9e1a108c1f94,027b428a9f6da89c2491c4b56f046e37d234cb821a5c174e3bae9e1a108c1f94,false
2026-06-20T21:54:37.052187+00:00,batch04,T037,XWC_P05_N06,02_recordings/raw_audio/QINIST_002/XWC/RS_XWC_002_BAIYA_PILOT/raw/RS_XWC_002_BAIYA_PILOT_batch04_T031-T040.wav,02_recordings/raw_audio/QINIST_002/XWC/RS_XWC_002_BAIYA_PILOT/split_preview/batch04/clean_previews/T037_clean_preview.wav,02_recordings/raw_audio/QINIST_002/XWC/RS_XWC_002_BAIYA_PILOT/split_preview/batch04/unit_previews/T037_unit_preview.wav,full_tail,70.560000,7.880000,true,false,b02ef26a7c84587af51becd59e7b351ed97a81e6bb4787af8ae34ed730b21941,b02ef26a7c84587af51becd59e7b351ed97a81e6bb4787af8ae34ed730b21941,false,39953918a787bbfd93f65ac26e3db4dea1f6f66b786fa1b9f9d7c8d16baf993f,39953918a787bbfd93f65ac26e3db4dea1f6f66b786fa1b9f9d7c8d16baf993f,false
2026-06-20T21:54:37.052187+00:00,batch04,T038,XWC_P06_N01,02_recordings/raw_audio/QINIST_002/XWC/RS_XWC_002_BAIYA_PILOT/raw/RS_XWC_002_BAIYA_PILOT_batch04_T031-T040.wav,02_recordings/raw_audio/QINIST_002/XWC/RS_XWC_002_BAIYA_PILOT/split_preview/batch04/clean_previews/T038_clean_preview.wav,02_recordings/raw_audio/QINIST_002/XWC/RS_XWC_002_BAIYA_PILOT/split_preview/batch04/unit_previews/T038_unit_preview.wav,full_tail,82.000000,9.390000,true,false,c8486690e59ca67f461c7753423882cf4cc01f78945d4213b5cd3e0e015da3e9,c8486690e59ca67f461c7753423882cf4cc01f78945d4213b5cd3e0e015da3e9,false,23fb45e98f209a06304102f6ff98ee55d51c8bb84549aaddafcac4d59e95a767,23fb45e98f209a06304102f6ff98ee55d51c8bb84549aaddafcac4d59e95a767,false
2026-06-20T21:54:37.052187+00:00,batch04,T039,XWC_P06_N02,02_recordings/raw_audio/QINIST_002/XWC/RS_XWC_002_BAIYA_PILOT/raw/RS_XWC_002_BAIYA_PILOT_batch04_T031-T040.wav,02_recordings/raw_audio/QINIST_002/XWC/RS_XWC_002_BAIYA_PILOT/split_preview/batch04/clean_previews/T039_clean_preview.wav,02_recordings/raw_audio/QINIST_002/XWC/RS_XWC_002_BAIYA_PILOT/split_preview/batch04/unit_previews/T039_unit_preview.wav,full_tail,90.820000,7.480000,true,false,3e06ff82bc45cf1ce8d5738d4affcc33ef9fbc5baf8737bcca31a74dca576fc6,3e06ff82bc45cf1ce8d5738d4affcc33ef9fbc5baf8737bcca31a74dca576fc6,false,f60d3a24a2506ce2ebbd26e65f10dcd5cd33f041a7b12adbf3020660cc6f7e8b,f60d3a24a2506ce2ebbd26e65f10dcd5cd33f041a7b12adbf3020660cc6f7e8b,false
2026-06-20T21:54:37.052187+00:00,batch04,T040,XWC_P06_N02,02_recordings/raw_audio/QINIST_002/XWC/RS_XWC_002_BAIYA_PILOT/raw/RS_XWC_002_BAIYA_PILOT_batch04_T031-T040.wav,02_recordings/raw_audio/QINIST_002/XWC/RS_XWC_002_BAIYA_PILOT/split_preview/batch04/clean_previews/T040_clean_preview.wav,02_recordings/raw_audio/QINIST_002/XWC/RS_XWC_002_BAIYA_PILOT/split_preview/batch04/unit_previews/T040_unit_preview.wav,full_tail,103.281859,10.421859,true,false,db8948212a1629c732e1807f3a6fcea1eda442ac3e73b4462fddbbf303cc57a7,db8948212a1629c732e1807f3a6fcea1eda442ac3e73b4462fddbbf303cc57a7,false,d9b0d8f2bef1e23583eeac017261e06b6bca5e6cb8dd5816fc72f366a9ce6deb,d9b0d8f2bef1e23583eeac017261e06b6bca5e6cb8dd5816fc72f366a9ce6deb,false
2026-06-20T21:54:37.052187+00:00,batch05,T041,XWC_P06_N03,02_recordings/raw_audio/QINIST_002/XWC/RS_XWC_002_BAIYA_PILOT/raw/RS_XWC_002_BAIYA_PILOT_batch05_T041-T050.wav,02_recordings/raw_audio/QINIST_002/XWC/RS_XWC_002_BAIYA_PILOT/split_preview/batch05/clean_previews/T041_clean_preview.wav,02_recordings/raw_audio/QINIST_002/XWC/RS_XWC_002_BAIYA_PILOT/split_preview/batch05/unit_previews/T041_unit_preview.wav,full_tail,11.700000,8.700000,true,false,5d2ec4a95610d5a0b1ddae48fdda042d95327537f179306aab6a35d18f304bd7,5d2ec4a95610d5a0b1ddae48fdda042d95327537f179306aab6a35d18f304bd7,false,09ec36e4906c68457302560502a03677fce5e4558ef32a7c9c9e127360f4f97e,09ec36e4906c68457302560502a03677fce5e4558ef32a7c9c9e127360f4f97e,false
2026-06-20T21:54:37.052187+00:00,batch05,T042,XWC_P06_N04,02_recordings/raw_audio/QINIST_002/XWC/RS_XWC_002_BAIYA_PILOT/raw/RS_XWC_002_BAIYA_PILOT_batch05_T041-T050.wav,02_recordings/raw_audio/QINIST_002/XWC/RS_XWC_002_BAIYA_PILOT/split_preview/batch05/clean_previews/T042_clean_preview.wav,02_recordings/raw_audio/QINIST_002/XWC/RS_XWC_002_BAIYA_PILOT/split_preview/batch05/unit_previews/T042_unit_preview.wav,full_tail,21.000000,6.500000,true,false,fafbbdc0c1510be3da9f3a1ad8f0c5fad1cbb93002052e61c2fbc54b88880dfa,fafbbdc0c1510be3da9f3a1ad8f0c5fad1cbb93002052e61c2fbc54b88880dfa,false,cae79b4b972e2ead75139fa00ec4ca8e20a8d6f91f54b61417030dd95ae0b999,cae79b4b972e2ead75139fa00ec4ca8e20a8d6f91f54b61417030dd95ae0b999,false
2026-06-20T21:54:37.052187+00:00,batch05,T043,XWC_P06_N04,02_recordings/raw_audio/QINIST_002/XWC/RS_XWC_002_BAIYA_PILOT/raw/RS_XWC_002_BAIYA_PILOT_batch05_T041-T050.wav,02_recordings/raw_audio/QINIST_002/XWC/RS_XWC_002_BAIYA_PILOT/split_preview/batch05/clean_previews/T043_clean_preview.wav,02_recordings/raw_audio/QINIST_002/XWC/RS_XWC_002_BAIYA_PILOT/split_preview/batch05/unit_previews/T043_unit_preview.wav,full_tail,29.820000,6.680000,true,false,88ca35e472a1d25eba55287e94e3fbc65d0c57a6189da9cab4f44789b984d449,88ca35e472a1d25eba55287e94e3fbc65d0c57a6189da9cab4f44789b984d449,false,8123be7bd1293497360c7ce4258f87d70d408d5027e3eb325899f2e0cd4ad4dd,8123be7bd1293497360c7ce4258f87d70d408d5027e3eb325899f2e0cd4ad4dd,false
2026-06-20T21:54:37.052187+00:00,batch05,T044,XWC_P07_N01,02_recordings/raw_audio/QINIST_002/XWC/RS_XWC_002_BAIYA_PILOT/raw/RS_XWC_002_BAIYA_PILOT_batch05_T041-T050.wav,02_recordings/raw_audio/QINIST_002/XWC/RS_XWC_002_BAIYA_PILOT/split_preview/batch05/clean_previews/T044_clean_preview.wav,02_recordings/raw_audio/QINIST_002/XWC/RS_XWC_002_BAIYA_PILOT/split_preview/batch05/unit_previews/T044_unit_preview.wav,full_tail,39.900000,8.380000,true,false,6d65c43fa47764cd35d56484bfba8910af18fa74b8fb522f542e60621e9efcd3,6d65c43fa47764cd35d56484bfba8910af18fa74b8fb522f542e60621e9efcd3,false,c0a65ce20c1e9b65c9a24d000b59c9a2d8dc60fb6d199596ec6f3c7a53aa1926,c0a65ce20c1e9b65c9a24d000b59c9a2d8dc60fb6d199596ec6f3c7a53aa1926,false
2026-06-20T21:54:37.052187+00:00,batch05,T045,XWC_P07_N02,02_recordings/raw_audio/QINIST_002/XWC/RS_XWC_002_BAIYA_PILOT/raw/RS_XWC_002_BAIYA_PILOT_batch05_T041-T050.wav,02_recordings/raw_audio/QINIST_002/XWC/RS_XWC_002_BAIYA_PILOT/split_preview/batch05/clean_previews/T045_clean_preview.wav,02_recordings/raw_audio/QINIST_002/XWC/RS_XWC_002_BAIYA_PILOT/split_preview/batch05/unit_previews/T045_unit_preview.wav,full_tail,50.000000,8.000000,true,false,69dc930ea9376723d7a072adf9c45d132e5abfbf31c43e3590b0f3477d980493,69dc930ea9376723d7a072adf9c45d132e5abfbf31c43e3590b0f3477d980493,false,eeda0d7df1b45033f85ca5619cb8c5559c6413ebfa86f6efe050019cd97585c4,eeda0d7df1b45033f85ca5619cb8c5559c6413ebfa86f6efe050019cd97585c4,false
2026-06-20T21:54:37.052187+00:00,batch05,T046,XWC_P07_N02,02_recordings/raw_audio/QINIST_002/XWC/RS_XWC_002_BAIYA_PILOT/raw/RS_XWC_002_BAIYA_PILOT_batch05_T041-T050.wav,02_recordings/raw_audio/QINIST_002/XWC/RS_XWC_002_BAIYA_PILOT/split_preview/batch05/clean_previews/T046_clean_preview.wav,02_recordings/raw_audio/QINIST_002/XWC/RS_XWC_002_BAIYA_PILOT/split_preview/batch05/unit_previews/T046_unit_preview.wav,full_tail,59.420000,8.200000,true,false,e6a1514076276e519d8827393cf3d3e6b34004a9f835a55ae0c5ab5400de6cee,e6a1514076276e519d8827393cf3d3e6b34004a9f835a55ae0c5ab5400de6cee,false,dccc06cd4575dd77595f2008c6c158e0918e88270c67046e70ef3f4b1177cdaa,dccc06cd4575dd77595f2008c6c158e0918e88270c67046e70ef3f4b1177cdaa,false
2026-06-20T21:54:37.052187+00:00,batch05,T047,XWC_P07_N03,02_recordings/raw_audio/QINIST_002/XWC/RS_XWC_002_BAIYA_PILOT/raw/RS_XWC_002_BAIYA_PILOT_batch05_T041-T050.wav,02_recordings/raw_audio/QINIST_002/XWC/RS_XWC_002_BAIYA_PILOT/split_preview/batch05/clean_previews/T047_clean_preview.wav,02_recordings/raw_audio/QINIST_002/XWC/RS_XWC_002_BAIYA_PILOT/split_preview/batch05/unit_previews/T047_unit_preview.wav,full_tail,68.460000,7.590000,true,false,16d9410c99cc4970a57efed36b9408d9719ffa89f9ebd557fdf7be6e1edb2d9c,16d9410c99cc4970a57efed36b9408d9719ffa89f9ebd557fdf7be6e1edb2d9c,false,df6b807839ab9710f7918c7061e879a9d7a80524ec2e42a0de97e2b51872ade7,df6b807839ab9710f7918c7061e879a9d7a80524ec2e42a0de97e2b51872ade7,false
2026-06-20T21:54:37.052187+00:00,batch05,T048,XWC_P07_N04,02_recordings/raw_audio/QINIST_002/XWC/RS_XWC_002_BAIYA_PILOT/raw/RS_XWC_002_BAIYA_PILOT_batch05_T041-T050.wav,02_recordings/raw_audio/QINIST_002/XWC/RS_XWC_002_BAIYA_PILOT/split_preview/batch05/clean_previews/T048_clean_preview.wav,02_recordings/raw_audio/QINIST_002/XWC/RS_XWC_002_BAIYA_PILOT/split_preview/batch05/unit_previews/T048_unit_preview.wav,full_tail,77.700000,7.200000,true,false,53cc1c80a36b74a063d51e96883fe8f6bed279f88c814a79c904f8b22a88a7e9,53cc1c80a36b74a063d51e96883fe8f6bed279f88c814a79c904f8b22a88a7e9,false,ec1ba1aa960ddd257db42ba0f52a7005066408adb5765a0f6543a3a47889b4df,ec1ba1aa960ddd257db42ba0f52a7005066408adb5765a0f6543a3a47889b4df,false
2026-06-20T21:54:37.052187+00:00,batch05,T049,XWC_P07_N04,02_recordings/raw_audio/QINIST_002/XWC/RS_XWC_002_BAIYA_PILOT/raw/RS_XWC_002_BAIYA_PILOT_batch05_T041-T050.wav,02_recordings/raw_audio/QINIST_002/XWC/RS_XWC_002_BAIYA_PILOT/split_preview/batch05/clean_previews/T049_clean_preview.wav,02_recordings/raw_audio/QINIST_002/XWC/RS_XWC_002_BAIYA_PILOT/split_preview/batch05/unit_previews/T049_unit_preview.wav,full_tail,87.820000,7.820000,true,false,2294c05ba21f7f4f31338e6ae488b4ad406d71bedf35e56264846aa8f80d6ef3,2294c05ba21f7f4f31338e6ae488b4ad406d71bedf35e56264846aa8f80d6ef3,false,9871624c09fe924339d7fc4445e6b46d17dbe73d11772e8d6e527c1fe2c628d3,9871624c09fe924339d7fc4445e6b46d17dbe73d11772e8d6e527c1fe2c628d3,false
2026-06-20T21:54:37.052187+00:00,batch05,T050,XWC_P08_N01,02_recordings/raw_audio/QINIST_002/XWC/RS_XWC_002_BAIYA_PILOT/raw/RS_XWC_002_BAIYA_PILOT_batch05_T041-T050.wav,02_recordings/raw_audio/QINIST_002/XWC/RS_XWC_002_BAIYA_PILOT/split_preview/batch05/clean_previews/T050_clean_preview.wav,02_recordings/raw_audio/QINIST_002/XWC/RS_XWC_002_BAIYA_PILOT/split_preview/batch05/unit_previews/T050_unit_preview.wav,full_tail,100.309705,10.169705,true,false,c56604d3f3b92e318c5fabb4fe9ec1ff6b25d5af206647ce60d33de27e674271,c56604d3f3b92e318c5fabb4fe9ec1ff6b25d5af206647ce60d33de27e674271,false,f694215126e8cecaff3a38183f1a61093c8a0f20c17ca0e62fb2d243989edf58,f694215126e8cecaff3a38183f1a61093c8a0f20c17ca0e62fb2d243989edf58,false
2026-06-20T21:54:37.052187+00:00,batch06,T051,XWC_P08_N01,02_recordings/raw_audio/QINIST_002/XWC/RS_XWC_002_BAIYA_PILOT/raw/RS_XWC_002_BAIYA_PILOT_batch06_T051-T060.wav,02_recordings/raw_audio/QINIST_002/XWC/RS_XWC_002_BAIYA_PILOT/split_preview/batch06/clean_previews/T051_clean_preview.wav,02_recordings/raw_audio/QINIST_002/XWC/RS_XWC_002_BAIYA_PILOT/split_preview/batch06/unit_previews/T051_unit_preview.wav,full_tail,13.840000,7.080000,true,false,556718e5b0d2f432b23b826e62d62a7c2efae72e0831e781d1bd5f5565e001dd,556718e5b0d2f432b23b826e62d62a7c2efae72e0831e781d1bd5f5565e001dd,false,39c3cb987831153ec24dbe48332b36736aa8c1854b77f758c738576fa8ea40b6,39c3cb987831153ec24dbe48332b36736aa8c1854b77f758c738576fa8ea40b6,false
2026-06-20T21:54:37.052187+00:00,batch06,T052,XWC_P08_N02,02_recordings/raw_audio/QINIST_002/XWC/RS_XWC_002_BAIYA_PILOT/raw/RS_XWC_002_BAIYA_PILOT_batch06_T051-T060.wav,02_recordings/raw_audio/QINIST_002/XWC/RS_XWC_002_BAIYA_PILOT/split_preview/batch06/clean_previews/T052_clean_preview.wav,02_recordings/raw_audio/QINIST_002/XWC/RS_XWC_002_BAIYA_PILOT/split_preview/batch06/unit_previews/T052_unit_preview.wav,full_tail,25.600000,9.320000,true,false,2402a1824db5e1015e8bedb22fbb228d825e814d943b9171e334e617c8bb5ab4,2402a1824db5e1015e8bedb22fbb228d825e814d943b9171e334e617c8bb5ab4,false,f803ff853a9f11f7e9dd2fa62da12d85b02d918437976880ae63785297b2fc4f,f803ff853a9f11f7e9dd2fa62da12d85b02d918437976880ae63785297b2fc4f,false
2026-06-20T21:54:37.052187+00:00,batch06,T053,XWC_P08_N02,02_recordings/raw_audio/QINIST_002/XWC/RS_XWC_002_BAIYA_PILOT/raw/RS_XWC_002_BAIYA_PILOT_batch06_T051-T060.wav,02_recordings/raw_audio/QINIST_002/XWC/RS_XWC_002_BAIYA_PILOT/split_preview/batch06/clean_previews/T053_clean_preview.wav,02_recordings/raw_audio/QINIST_002/XWC/RS_XWC_002_BAIYA_PILOT/split_preview/batch06/unit_previews/T053_unit_preview.wav,full_tail,35.480000,8.060000,true,false,a95429134b162f8534e59108377ad26fd76b3cd1bec01b5496296fd652c4e336,a95429134b162f8534e59108377ad26fd76b3cd1bec01b5496296fd652c4e336,false,74d983b9cd88474512fbc5f1fe0dc3900bcc62e04c4bd10ec87fbcea6fdd0d77,74d983b9cd88474512fbc5f1fe0dc3900bcc62e04c4bd10ec87fbcea6fdd0d77,false
2026-06-20T21:54:37.052187+00:00,batch06,T054,XWC_P08_N03,02_recordings/raw_audio/QINIST_002/XWC/RS_XWC_002_BAIYA_PILOT/raw/RS_XWC_002_BAIYA_PILOT_batch06_T051-T060.wav,02_recordings/raw_audio/QINIST_002/XWC/RS_XWC_002_BAIYA_PILOT/split_preview/batch06/clean_previews/T054_clean_preview.wav,02_recordings/raw_audio/QINIST_002/XWC/RS_XWC_002_BAIYA_PILOT/split_preview/batch06/unit_previews/T054_unit_preview.wav,full_tail,46.480000,9.060000,true,false,b26b1538f603d6643f7b2f2dcdfc2664ab0285d56f12db572199385ba2680cf9,b26b1538f603d6643f7b2f2dcdfc2664ab0285d56f12db572199385ba2680cf9,false,7a062c34ea8d108c0a3525d2907ccded3dec22f26eaffe84273ee14a63fedace,7a062c34ea8d108c0a3525d2907ccded3dec22f26eaffe84273ee14a63fedace,false
2026-06-20T21:54:37.052187+00:00,batch06,T055,XWC_P08_N04,02_recordings/raw_audio/QINIST_002/XWC/RS_XWC_002_BAIYA_PILOT/raw/RS_XWC_002_BAIYA_PILOT_batch06_T051-T060.wav,02_recordings/raw_audio/QINIST_002/XWC/RS_XWC_002_BAIYA_PILOT/split_preview/batch06/clean_previews/T055_clean_preview.wav,02_recordings/raw_audio/QINIST_002/XWC/RS_XWC_002_BAIYA_PILOT/split_preview/batch06/unit_previews/T055_unit_preview.wav,full_tail,54.810000,6.390000,true,false,4cbdb3bffd68950a478df55ce1d877ac4fd984de96435695535ee3231444b17b,4cbdb3bffd68950a478df55ce1d877ac4fd984de96435695535ee3231444b17b,false,734cf7deac35b7867f3ba52ff6967bbeb822897a85b9822120f7751409e70001,734cf7deac35b7867f3ba52ff6967bbeb822897a85b9822120f7751409e70001,false
2026-06-20T21:54:37.052187+00:00,batch06,T056,XWC_P08_N04,02_recordings/raw_audio/QINIST_002/XWC/RS_XWC_002_BAIYA_PILOT/raw/RS_XWC_002_BAIYA_PILOT_batch06_T051-T060.wav,02_recordings/raw_audio/QINIST_002/XWC/RS_XWC_002_BAIYA_PILOT/split_preview/batch06/clean_previews/T056_clean_preview.wav,02_recordings/raw_audio/QINIST_002/XWC/RS_XWC_002_BAIYA_PILOT/split_preview/batch06/unit_previews/T056_unit_preview.wav,full_tail,69.220000,8.760000,true,false,3eb5cfb100dbe66b059483b06e3db529fc3bffa34cfea8932be54f83beaa5012,3eb5cfb100dbe66b059483b06e3db529fc3bffa34cfea8932be54f83beaa5012,false,b2e9d512b2fe97b28923d542ce21e68cdfd6fb2d2863d624b43d781fb3e84c9a,b2e9d512b2fe97b28923d542ce21e68cdfd6fb2d2863d624b43d781fb3e84c9a,false
2026-06-20T21:54:37.052187+00:00,batch06,T057,XWC_P09_N01,02_recordings/raw_audio/QINIST_002/XWC/RS_XWC_002_BAIYA_PILOT/raw/RS_XWC_002_BAIYA_PILOT_batch06_T051-T060.wav,02_recordings/raw_audio/QINIST_002/XWC/RS_XWC_002_BAIYA_PILOT/split_preview/batch06/clean_previews/T057_clean_preview.wav,02_recordings/raw_audio/QINIST_002/XWC/RS_XWC_002_BAIYA_PILOT/split_preview/batch06/unit_previews/T057_unit_preview.wav,full_tail,80.430000,9.230000,true,false,d5bd4d783f20364ab889bedd16529171b417c5562b59f7cf868ee65856e2bae9,d5bd4d783f20364ab889bedd16529171b417c5562b59f7cf868ee65856e2bae9,false,3d50b08842d0ec04cfc7ecc74593d4263a4fa4e236a45dc2a62be5e65ecadd69,3d50b08842d0ec04cfc7ecc74593d4263a4fa4e236a45dc2a62be5e65ecadd69,false
2026-06-20T21:54:37.052187+00:00,batch06,T058,XWC_P09_N01,02_recordings/raw_audio/QINIST_002/XWC/RS_XWC_002_BAIYA_PILOT/raw/RS_XWC_002_BAIYA_PILOT_batch06_T051-T060.wav,02_recordings/raw_audio/QINIST_002/XWC/RS_XWC_002_BAIYA_PILOT/split_preview/batch06/clean_previews/T058_clean_preview.wav,02_recordings/raw_audio/QINIST_002/XWC/RS_XWC_002_BAIYA_PILOT/split_preview/batch06/unit_previews/T058_unit_preview.wav,full_tail,89.200000,4.820000,true,false,0e31b39bf43487a1b4806186b63ac5ea9babc202b4a49fde5f039e664f5dae37,0e31b39bf43487a1b4806186b63ac5ea9babc202b4a49fde5f039e664f5dae37,false,e37c48c5d94b7910fbf2db453a6e14ff8fe61235ee419065dd901719deadd73c,e37c48c5d94b7910fbf2db453a6e14ff8fe61235ee419065dd901719deadd73c,false
2026-06-20T21:54:37.052187+00:00,batch06,T059,XWC_P09_N02,02_recordings/raw_audio/QINIST_002/XWC/RS_XWC_002_BAIYA_PILOT/raw/RS_XWC_002_BAIYA_PILOT_batch06_T051-T060.wav,02_recordings/raw_audio/QINIST_002/XWC/RS_XWC_002_BAIYA_PILOT/split_preview/batch06/clean_previews/T059_clean_preview.wav,02_recordings/raw_audio/QINIST_002/XWC/RS_XWC_002_BAIYA_PILOT/split_preview/batch06/unit_previews/T059_unit_preview.wav,full_tail,95.800000,3.600000,true,false,606f12529ac170db5c634ed84790e84759041f1ea0bc0c7854a4a9c15763e158,606f12529ac170db5c634ed84790e84759041f1ea0bc0c7854a4a9c15763e158,false,a5720a90fd29f341bd1294ca92884b4163b1be1e362ddfd553426b18a3cc4b65,a5720a90fd29f341bd1294ca92884b4163b1be1e362ddfd553426b18a3cc4b65,false
2026-06-20T21:54:37.052187+00:00,batch06,T060,XWC_P09_N02,02_recordings/raw_audio/QINIST_002/XWC/RS_XWC_002_BAIYA_PILOT/raw/RS_XWC_002_BAIYA_PILOT_batch06_T051-T060.wav,02_recordings/raw_audio/QINIST_002/XWC/RS_XWC_002_BAIYA_PILOT/split_preview/batch06/clean_previews/T060_clean_preview.wav,02_recordings/raw_audio/QINIST_002/XWC/RS_XWC_002_BAIYA_PILOT/split_preview/batch06/unit_previews/T060_unit_preview.wav,full_tail,107.740091,10.040091,true,false,dbdb9b3277367c7588c79498b12d3a4c87b073d0f4585919e6f2417c7733097d,dbdb9b3277367c7588c79498b12d3a4c87b073d0f4585919e6f2417c7733097d,false,fda6618665a0926a60afcbc6b8a6777658bcbc047f59b5b19cce8b73715d1e63,fda6618665a0926a60afcbc6b8a6777658bcbc047f59b5b19cce8b73715d1e63,false
2026-06-20T21:54:37.052187+00:00,batch07,T061,XWC_P09_N03,02_recordings/raw_audio/QINIST_002/XWC/RS_XWC_002_BAIYA_PILOT/raw/RS_XWC_002_BAIYA_PILOT_batch07_T061-T070.wav,02_recordings/raw_audio/QINIST_002/XWC/RS_XWC_002_BAIYA_PILOT/split_preview/batch07/clean_previews/T061_clean_preview.wav,02_recordings/raw_audio/QINIST_002/XWC/RS_XWC_002_BAIYA_PILOT/split_preview/batch07/unit_previews/T061_unit_preview.wav,full_tail,12.660000,8.660000,true,false,1d7b1e6fddad7c536b2110b65c21b441d5272c10f14ef432330bc07dd66a92a8,1d7b1e6fddad7c536b2110b65c21b441d5272c10f14ef432330bc07dd66a92a8,false,8344142290ffbbd0920711738b9055f3eef383660d1ad8089658c1cdb3b1e17e,8344142290ffbbd0920711738b9055f3eef383660d1ad8089658c1cdb3b1e17e,false
2026-06-20T21:54:37.052187+00:00,batch07,T062,XWC_P09_N04,02_recordings/raw_audio/QINIST_002/XWC/RS_XWC_002_BAIYA_PILOT/raw/RS_XWC_002_BAIYA_PILOT_batch07_T061-T070.wav,02_recordings/raw_audio/QINIST_002/XWC/RS_XWC_002_BAIYA_PILOT/split_preview/batch07/clean_previews/T062_clean_preview.wav,02_recordings/raw_audio/QINIST_002/XWC/RS_XWC_002_BAIYA_PILOT/split_preview/batch07/unit_previews/T062_unit_preview.wav,full_tail,22.040000,6.580000,true,false,ba9642b23e6f0de0add00f6eabee7121cead8b0aca830583086998b73b89845e,ba9642b23e6f0de0add00f6eabee7121cead8b0aca830583086998b73b89845e,false,5cd6aeda1dc19afdba6801c3fbc55f66be8e5f02ef9ed09968dfb9aab2682d5c,5cd6aeda1dc19afdba6801c3fbc55f66be8e5f02ef9ed09968dfb9aab2682d5c,false
2026-06-20T21:54:37.052187+00:00,batch07,T063,XWC_P09_N04,02_recordings/raw_audio/QINIST_002/XWC/RS_XWC_002_BAIYA_PILOT/raw/RS_XWC_002_BAIYA_PILOT_batch07_T061-T070.wav,02_recordings/raw_audio/QINIST_002/XWC/RS_XWC_002_BAIYA_PILOT/split_preview/batch07/clean_previews/T063_clean_preview.wav,02_recordings/raw_audio/QINIST_002/XWC/RS_XWC_002_BAIYA_PILOT/split_preview/batch07/unit_previews/T063_unit_preview.wav,full_tail,31.880000,7.620000,true,false,227559f6c3da10a684b5721571f8376a56c648576ac3660d172829a4f87e078d,227559f6c3da10a684b5721571f8376a56c648576ac3660d172829a4f87e078d,false,b9c86b787059b79665491008ececc64e8d6c293684c0ec7e5586bb90bcb4b16e,b9c86b787059b79665491008ececc64e8d6c293684c0ec7e5586bb90bcb4b16e,false
2026-06-20T21:54:37.052187+00:00,batch07,T064,XWC_P10_N01,02_recordings/raw_audio/QINIST_002/XWC/RS_XWC_002_BAIYA_PILOT/raw/RS_XWC_002_BAIYA_PILOT_batch07_T061-T070.wav,02_recordings/raw_audio/QINIST_002/XWC/RS_XWC_002_BAIYA_PILOT/split_preview/batch07/clean_previews/T064_clean_preview.wav,02_recordings/raw_audio/QINIST_002/XWC/RS_XWC_002_BAIYA_PILOT/split_preview/batch07/unit_previews/T064_unit_preview.wav,full_tail,41.360000,7.360000,true,false,42cd269c1d7ceffc8c7184717127d671c71e3474e6b8ef323020f56f148c1e08,42cd269c1d7ceffc8c7184717127d671c71e3474e6b8ef323020f56f148c1e08,false,3d27b1ce1d78210d963f73dd8eb788d5f806fe3861c0f09f7c15f841aa9982c0,3d27b1ce1d78210d963f73dd8eb788d5f806fe3861c0f09f7c15f841aa9982c0,false
2026-06-20T21:54:37.052187+00:00,batch07,T065,XWC_P10_N02,02_recordings/raw_audio/QINIST_002/XWC/RS_XWC_002_BAIYA_PILOT/raw/RS_XWC_002_BAIYA_PILOT_batch07_T061-T070.wav,02_recordings/raw_audio/QINIST_002/XWC/RS_XWC_002_BAIYA_PILOT/split_preview/batch07/clean_previews/T065_clean_preview.wav,02_recordings/raw_audio/QINIST_002/XWC/RS_XWC_002_BAIYA_PILOT/split_preview/batch07/unit_previews/T065_unit_preview.wav,full_tail,49.120000,5.810000,true,false,60d5fdf17926ee4b9e6911e23280a9a78adeca771712ba2a3f909927d0f749b1,60d5fdf17926ee4b9e6911e23280a9a78adeca771712ba2a3f909927d0f749b1,false,687e7428f154becf483a39194cde5c62c781f2805582b275db9bbd92ae8ecfaa,687e7428f154becf483a39194cde5c62c781f2805582b275db9bbd92ae8ecfaa,false
2026-06-20T21:54:37.052187+00:00,batch07,T066,XWC_P10_N03,02_recordings/raw_audio/QINIST_002/XWC/RS_XWC_002_BAIYA_PILOT/raw/RS_XWC_002_BAIYA_PILOT_batch07_T061-T070.wav,02_recordings/raw_audio/QINIST_002/XWC/RS_XWC_002_BAIYA_PILOT/split_preview/batch07/clean_previews/T066_clean_preview.wav,02_recordings/raw_audio/QINIST_002/XWC/RS_XWC_002_BAIYA_PILOT/split_preview/batch07/unit_previews/T066_unit_preview.wav,full_tail,58.620000,7.210000,true,false,c14d2e4a6c5dd4850511ae4cde02a3402f9eb7f023ee8ba2a7425200b42154fe,c14d2e4a6c5dd4850511ae4cde02a3402f9eb7f023ee8ba2a7425200b42154fe,false,7cb84bd80354fe22354700ca42ab8d10fff1ac698c3288e29af6a813a48d659c,7cb84bd80354fe22354700ca42ab8d10fff1ac698c3288e29af6a813a48d659c,false
2026-06-20T21:54:37.052187+00:00,batch07,T067,XWC_P10_N04,02_recordings/raw_audio/QINIST_002/XWC/RS_XWC_002_BAIYA_PILOT/raw/RS_XWC_002_BAIYA_PILOT_batch07_T061-T070.wav,02_recordings/raw_audio/QINIST_002/XWC/RS_XWC_002_BAIYA_PILOT/split_preview/batch07/clean_previews/T067_clean_preview.wav,02_recordings/raw_audio/QINIST_002/XWC/RS_XWC_002_BAIYA_PILOT/split_preview/batch07/unit_previews/T067_unit_preview.wav,full_tail,68.030000,6.860000,true,false,e81b06474efb484c1308e523c844bf63092e4e14e419a9289098e8b2c9f0b327,e81b06474efb484c1308e523c844bf63092e4e14e419a9289098e8b2c9f0b327,false,2998341896b9d25aa2948b45808fdcff04d6d6eaa6791d65fe6a84d394427dc6,2998341896b9d25aa2948b45808fdcff04d6d6eaa6791d65fe6a84d394427dc6,false
2026-06-20T21:54:37.052187+00:00,batch07,T068,XWC_P10_N05,02_recordings/raw_audio/QINIST_002/XWC/RS_XWC_002_BAIYA_PILOT/raw/RS_XWC_002_BAIYA_PILOT_batch07_T061-T070.wav,02_recordings/raw_audio/QINIST_002/XWC/RS_XWC_002_BAIYA_PILOT/split_preview/batch07/clean_previews/T068_clean_preview.wav,02_recordings/raw_audio/QINIST_002/XWC/RS_XWC_002_BAIYA_PILOT/split_preview/batch07/unit_previews/T068_unit_preview.wav,full_tail,75.700000,5.430000,true,false,9b9b658af0a5c61b2af9fc32de502a1a579512cdde3885a2497dbe717b46d266,9b9b658af0a5c61b2af9fc32de502a1a579512cdde3885a2497dbe717b46d266,false,df6c4dd4111edf33547b1ed0a3bd1e27d95667257b5303fc5efc473a0ea7ceb5,df6c4dd4111edf33547b1ed0a3bd1e27d95667257b5303fc5efc473a0ea7ceb5,false
2026-06-20T21:54:37.052187+00:00,batch07,T069,XWC_P10_N06,02_recordings/raw_audio/QINIST_002/XWC/RS_XWC_002_BAIYA_PILOT/raw/RS_XWC_002_BAIYA_PILOT_batch07_T061-T070.wav,02_recordings/raw_audio/QINIST_002/XWC/RS_XWC_002_BAIYA_PILOT/split_preview/batch07/clean_previews/T069_clean_preview.wav,02_recordings/raw_audio/QINIST_002/XWC/RS_XWC_002_BAIYA_PILOT/split_preview/batch07/unit_previews/T069_unit_preview.wav,full_tail,84.830000,7.250000,true,false,2de9f3a3b0305fc19f3fdd1a35e746f524e64629a12b33da64ce6d2b995b76d6,2de9f3a3b0305fc19f3fdd1a35e746f524e64629a12b33da64ce6d2b995b76d6,false,88f8704e3bfc1243546bb4da0fcdc62169fc8bbcab4439ba3e0fac25f18ef412,88f8704e3bfc1243546bb4da0fcdc62169fc8bbcab4439ba3e0fac25f18ef412,false
2026-06-20T21:54:37.052187+00:00,batch07,T070,XWC_P10_N07,02_recordings/raw_audio/QINIST_002/XWC/RS_XWC_002_BAIYA_PILOT/raw/RS_XWC_002_BAIYA_PILOT_batch07_T061-T070.wav,02_recordings/raw_audio/QINIST_002/XWC/RS_XWC_002_BAIYA_PILOT/split_preview/batch07/clean_previews/T070_clean_preview.wav,02_recordings/raw_audio/QINIST_002/XWC/RS_XWC_002_BAIYA_PILOT/split_preview/batch07/unit_previews/T070_unit_preview.wav,full_tail,98.080590,11.420590,true,false,bb2ca8315d811e20e1b05dbafdc86f306a00325f0b233dce8b85893e08074a9b,bb2ca8315d811e20e1b05dbafdc86f306a00325f0b233dce8b85893e08074a9b,false,2627585f07ba9a0eaf2d1c6a87e589a006d96c4b1a7a76bbe682e399818f71c6,2627585f07ba9a0eaf2d1c6a87e589a006d96c4b1a7a76bbe682e399818f71c6,false
2026-06-20T21:54:37.052187+00:00,batch08,T071,XWC_P09_N02,02_recordings/raw_audio/QINIST_002/XWC/RS_XWC_002_BAIYA_PILOT/raw/RS_XWC_002_BAIYA_PILOT_batch08_T071.wav,02_recordings/raw_audio/QINIST_002/XWC/RS_XWC_002_BAIYA_PILOT/split_preview/batch08/clean_previews/T071_clean_preview.wav,02_recordings/raw_audio/QINIST_002/XWC/RS_XWC_002_BAIYA_PILOT/split_preview/batch08/unit_previews/T071_unit_preview.wav,full_tail,17.832426,12.832426,true,false,78b1ce446c152706ee15a02053ade5c6a325bd0f27739d057e40d4074bc18b50,78b1ce446c152706ee15a02053ade5c6a325bd0f27739d057e40d4074bc18b50,false,5da1e80e62e9b5056bd1dbf794d402a093bfb0ba88a80b55132a00a078e1ceda,5da1e80e62e9b5056bd1dbf794d402a093bfb0ba88a80b55132a00a078e1ceda,false
