event_id,phrase_id,section_id,source_version_id,source_sample_id,source_take_id,source_audio,target_attack_time_s,render_anchor_s,phrase_play_start_s,phrase_play_end_s,phrase_tail_end_s,revision_applied,user_review_source,gpt_review_decision,flags,tail_policy,source_tail_policy,tail_preservation_policy,source_preview_refresh,source_preview_duration_s
XWC_P01_N01,XWC_P01_LOCAL_PHRASE,XWC_P01,E_REVIEWED,RECD2_BATCH01_T001,T001,02_recordings/raw_audio/QINIST_002/XWC/RS_XWC_002_BAIYA_PILOT/split_preview/batch01/clean_previews/T001_clean_preview.wav,2.817,2.716,2.697,9.225,14.182,E_REVIEWED->F_FINAL_REVIEWED: global tempo x1.5; f_p01_class_tighten_n03_to_n04,E_REVIEWED_USER_REVIEW,Use E_REVIEWED as base; keep attack timeline; use full_tail source previews; keep T008-safe T014 and P09 atomic takes.,rhythm_123_then_4_extended|experimental_render=true|production_grade=false|render_anchor_alignment=true|f_final_reviewed=true|experimental_render=true|production_grade=false|tail_policy=full_tail|smart_fade=false|f_p01_class_tighten_n03_to_n04,full_tail,full_tail,full_tail_no_smart_fade,regenerated_from_raw_or_split_manifest,6.800000
XWC_P01_N02,XWC_P01_LOCAL_PHRASE,XWC_P01,E_REVIEWED,RECD2_BATCH01_T002,T002,02_recordings/raw_audio/QINIST_002/XWC/RS_XWC_002_BAIYA_PILOT/split_preview/batch01/clean_previews/T002_clean_preview.wav,3.650,1.717,2.697,9.225,14.182,E_REVIEWED->F_FINAL_REVIEWED: global tempo x1.5; f_p01_class_tighten_n03_to_n04,E_REVIEWED_USER_REVIEW,Use E_REVIEWED as base; keep attack timeline; use full_tail source previews; keep T008-safe T014 and P09 atomic takes.,rhythm_123_then_4_extended|experimental_render=true|production_grade=false|render_anchor_alignment=true|f_final_reviewed=true|experimental_render=true|production_grade=false|tail_policy=full_tail|smart_fade=false|f_p01_class_tighten_n03_to_n04,full_tail,full_tail,full_tail_no_smart_fade,regenerated_from_raw_or_split_manifest,6.160000
XWC_P01_N03,XWC_P01_LOCAL_PHRASE,XWC_P01,E_REVIEWED,RECD2_BATCH01_T003,T003,02_recordings/raw_audio/QINIST_002/XWC/RS_XWC_002_BAIYA_PILOT/split_preview/batch01/clean_previews/T003_clean_preview.wav,4.517,1.235,2.697,9.225,14.182,E_REVIEWED->F_FINAL_REVIEWED: global tempo x1.5; f_p01_class_tighten_n03_to_n04,E_REVIEWED_USER_REVIEW,Use E_REVIEWED as base; keep attack timeline; use full_tail source previews; keep T008-safe T014 and P09 atomic takes.,rhythm_123_then_4_extended|experimental_render=true|production_grade=false|render_anchor_alignment=true|f_final_reviewed=true|experimental_render=true|production_grade=false|tail_policy=full_tail|smart_fade=false|f_p01_class_tighten_n03_to_n04,full_tail,full_tail,full_tail_no_smart_fade,regenerated_from_raw_or_split_manifest,10.900000
XWC_P01_N04,XWC_P01_LOCAL_PHRASE,XWC_P01,E_REVIEWED,RECD2_BATCH01_T005,T005,02_recordings/raw_audio/QINIST_002/XWC/RS_XWC_002_BAIYA_PILOT/split_preview/batch01/clean_previews/T005_clean_preview.wav,6.453,2.046,2.697,9.225,14.182,E_REVIEWED->F_FINAL_REVIEWED: global tempo x1.5; f_p01_class_tighten_n03_to_n04,E_REVIEWED_USER_REVIEW,Use E_REVIEWED as base; keep attack timeline; use full_tail source previews; keep T008-safe T014 and P09 atomic takes.,rhythm_123_then_4_extended|experimental_render=true|production_grade=false|render_anchor_alignment=true|f_final_reviewed=true|experimental_render=true|production_grade=false|tail_policy=full_tail|smart_fade=false|f_p01_class_tighten_n03_to_n04,full_tail,full_tail,full_tail_no_smart_fade,regenerated_from_raw_or_split_manifest,7.980000
XWC_P02_N01,XWC_P02_LOCAL_PHRASE,XWC_P02,E_REVIEWED,RECD2_BATCH01_T006,T006,02_recordings/raw_audio/QINIST_002/XWC/RS_XWC_002_BAIYA_PILOT/split_preview/batch01/clean_previews/T006_clean_preview.wav,9.255,0.423,9.135,17.584,21.690,E_REVIEWED->F_FINAL_REVIEWED: global tempo x1.5; f_p02_class_tighten_n05_to_n06,E_REVIEWED_USER_REVIEW,Use E_REVIEWED as base; keep attack timeline; use full_tail source previews; keep T008-safe T014 and P09 atomic takes.,rhythm_12345_then_6_extended|experimental_render=true|production_grade=false|render_anchor_alignment=true|f_final_reviewed=true|experimental_render=true|production_grade=false|tail_policy=full_tail|smart_fade=false|f_p02_class_tighten_n05_to_n06,full_tail,full_tail,full_tail_no_smart_fade,regenerated_from_raw_or_split_manifest,7.390000
XWC_P02_N02,XWC_P02_LOCAL_PHRASE,XWC_P02,E_REVIEWED,RECD2_BATCH01_T007,T007,02_recordings/raw_audio/QINIST_002/XWC/RS_XWC_002_BAIYA_PILOT/split_preview/batch01/clean_previews/T007_clean_preview.wav,9.955,0.513,9.135,17.584,21.690,E_REVIEWED->F_FINAL_REVIEWED: global tempo x1.5; f_p02_class_tighten_n05_to_n06,E_REVIEWED_USER_REVIEW,Use E_REVIEWED as base; keep attack timeline; use full_tail source previews; keep T008-safe T014 and P09 atomic takes.,rhythm_12345_then_6_extended|experimental_render=true|production_grade=false|render_anchor_alignment=true|f_final_reviewed=true|experimental_render=true|production_grade=false|tail_policy=full_tail|smart_fade=false|f_p02_class_tighten_n05_to_n06,full_tail,full_tail,full_tail_no_smart_fade,regenerated_from_raw_or_split_manifest,8.700000
XWC_P02_N03,XWC_P02_LOCAL_PHRASE,XWC_P02,E_REVIEWED,RECD2_BATCH02_T014,T014,02_recordings/raw_audio/QINIST_002/XWC/RS_XWC_002_BAIYA_PILOT/split_preview/batch02/clean_previews/T014_clean_preview.wav,10.641,1.932,9.135,17.584,21.690,E_REVIEWED->F_FINAL_REVIEWED: global tempo x1.5; f_p02_class_tighten_n05_to_n06,E_REVIEWED_USER_REVIEW,Use E_REVIEWED as base; keep attack timeline; use full_tail source previews; keep T008-safe T014 and P09 atomic takes.,rhythm_12345_then_6_extended|experimental_render=true|production_grade=false|render_anchor_alignment=true|t008_excluded=true|t008_safe_replacement=T014|replacement_priority=exact_baiya_san_tiao_6|source_gesture_id=SAN_TIAO_6|original_unsafe_take=T008|f_final_reviewed=true|experimental_render=true|production_grade=false|tail_policy=full_tail|smart_fade=false|f_p02_class_tighten_n05_to_n06,full_tail,full_tail,full_tail_no_smart_fade,regenerated_from_raw_or_split_manifest,7.500000
XWC_P02_N04,XWC_P02_LOCAL_PHRASE,XWC_P02,E_REVIEWED,RECD2_BATCH01_T010,T010,02_recordings/raw_audio/QINIST_002/XWC/RS_XWC_002_BAIYA_PILOT/split_preview/batch01/clean_previews/T010_clean_preview.wav,11.355,2.775,9.135,17.584,21.690,E_REVIEWED->F_FINAL_REVIEWED: global tempo x1.5; f_p02_class_tighten_n05_to_n06,E_REVIEWED_USER_REVIEW,Use E_REVIEWED as base; keep attack timeline; use full_tail source previews; keep T008-safe T014 and P09 atomic takes.,rhythm_12345_then_6_extended|experimental_render=true|production_grade=false|render_anchor_alignment=true|f_final_reviewed=true|experimental_render=true|production_grade=false|tail_policy=full_tail|smart_fade=false|f_p02_class_tighten_n05_to_n06,full_tail,full_tail,full_tail_no_smart_fade,regenerated_from_raw_or_split_manifest,13.110476
XWC_P02_N05,XWC_P02_LOCAL_PHRASE,XWC_P02,E_REVIEWED,RECD2_BATCH02_T011,T011,02_recordings/raw_audio/QINIST_002/XWC/RS_XWC_002_BAIYA_PILOT/split_preview/batch02/clean_previews/T011_clean_preview.wav,12.121,2.629,9.135,17.584,21.690,E_REVIEWED->F_FINAL_REVIEWED: global tempo x1.5; f_p02_class_tighten_n05_to_n06,E_REVIEWED_USER_REVIEW,Use E_REVIEWED as base; keep attack timeline; use full_tail source previews; keep T008-safe T014 and P09 atomic takes.,rhythm_12345_then_6_extended|experimental_render=true|production_grade=false|render_anchor_alignment=true|f_final_reviewed=true|experimental_render=true|production_grade=false|tail_policy=full_tail|smart_fade=false|f_p02_class_tighten_n05_to_n06,full_tail,full_tail,full_tail_no_smart_fade,regenerated_from_raw_or_split_manifest,10.570000
XWC_P02_N06,XWC_P02_LOCAL_PHRASE,XWC_P02,E_REVIEWED,RECD2_BATCH02_T013,T013,02_recordings/raw_audio/QINIST_002/XWC/RS_XWC_002_BAIYA_PILOT/split_preview/batch02/clean_previews/T013_clean_preview.wav,14.145,2.222,9.135,17.584,21.690,E_REVIEWED->F_FINAL_REVIEWED: global tempo x1.5; f_p02_class_tighten_n05_to_n06,E_REVIEWED_USER_REVIEW,Use E_REVIEWED as base; keep attack timeline; use full_tail source previews; keep T008-safe T014 and P09 atomic takes.,rhythm_12345_then_6_extended|experimental_render=true|production_grade=false|render_anchor_alignment=true|f_final_reviewed=true|experimental_render=true|production_grade=false|tail_policy=full_tail|smart_fade=false|f_p02_class_tighten_n05_to_n06,full_tail,full_tail,full_tail_no_smart_fade,regenerated_from_raw_or_split_manifest,8.910000
XWC_P03_N01,XWC_P03_LOCAL_PHRASE,XWC_P03,E_REVIEWED,RECD2_BATCH02_T014,T014,02_recordings/raw_audio/QINIST_002/XWC/RS_XWC_002_BAIYA_PILOT/split_preview/batch02/clean_previews/T014_clean_preview.wav,17.614,1.932,17.494,25.251,27.874,E_REVIEWED->F_FINAL_REVIEWED: global tempo x1.5; f_p02_class_tighten_n05_to_n06,E_REVIEWED_USER_REVIEW,Use E_REVIEWED as base; keep attack timeline; use full_tail source previews; keep T008-safe T014 and P09 atomic takes.,rhythm_12345_then_6_extended|experimental_render=true|production_grade=false|render_anchor_alignment=true|f_final_reviewed=true|experimental_render=true|production_grade=false|tail_policy=full_tail|smart_fade=false|f_p02_class_tighten_n05_to_n06,full_tail,full_tail,full_tail_no_smart_fade,regenerated_from_raw_or_split_manifest,7.500000
XWC_P03_N02,XWC_P03_LOCAL_PHRASE,XWC_P03,E_REVIEWED,RECD2_BATCH02_T015,T015,02_recordings/raw_audio/QINIST_002/XWC/RS_XWC_002_BAIYA_PILOT/split_preview/batch02/clean_previews/T015_clean_preview.wav,18.314,0.880,17.494,25.251,27.874,E_REVIEWED->F_FINAL_REVIEWED: global tempo x1.5; f_p02_class_tighten_n05_to_n06,E_REVIEWED_USER_REVIEW,Use E_REVIEWED as base; keep attack timeline; use full_tail source previews; keep T008-safe T014 and P09 atomic takes.,rhythm_12345_then_6_extended|experimental_render=true|production_grade=false|render_anchor_alignment=true|f_final_reviewed=true|experimental_render=true|production_grade=false|tail_policy=full_tail|smart_fade=false|f_p02_class_tighten_n05_to_n06,full_tail,full_tail,full_tail_no_smart_fade,regenerated_from_raw_or_split_manifest,7.080000
XWC_P03_N03,XWC_P03_LOCAL_PHRASE,XWC_P03,E_REVIEWED,RECD2_BATCH02_T016,T016,02_recordings/raw_audio/QINIST_002/XWC/RS_XWC_002_BAIYA_PILOT/split_preview/batch02/clean_previews/T016_clean_preview.wav,19.001,0.900,17.494,25.251,27.874,E_REVIEWED->F_FINAL_REVIEWED: global tempo x1.5; f_p02_class_tighten_n05_to_n06,E_REVIEWED_USER_REVIEW,Use E_REVIEWED as base; keep attack timeline; use full_tail source previews; keep T008-safe T014 and P09 atomic takes.,rhythm_12345_then_6_extended|experimental_render=true|production_grade=false|render_anchor_alignment=true|f_final_reviewed=true|experimental_render=true|production_grade=false|tail_policy=full_tail|smart_fade=false|f_p02_class_tighten_n05_to_n06,full_tail,full_tail,full_tail_no_smart_fade,regenerated_from_raw_or_split_manifest,7.640000
XWC_P03_N04,XWC_P03_LOCAL_PHRASE,XWC_P03,E_REVIEWED,RECD2_BATCH02_T018,T018,02_recordings/raw_audio/QINIST_002/XWC/RS_XWC_002_BAIYA_PILOT/split_preview/batch02/clean_previews/T018_clean_preview.wav,19.714,0.262,17.494,25.251,27.874,E_REVIEWED->F_FINAL_REVIEWED: global tempo x1.5; f_p02_class_tighten_n05_to_n06,E_REVIEWED_USER_REVIEW,Use E_REVIEWED as base; keep attack timeline; use full_tail source previews; keep T008-safe T014 and P09 atomic takes.,rhythm_12345_then_6_extended|experimental_render=true|production_grade=false|render_anchor_alignment=true|f_final_reviewed=true|experimental_render=true|production_grade=false|tail_policy=full_tail|smart_fade=false|f_p02_class_tighten_n05_to_n06,full_tail,full_tail,full_tail_no_smart_fade,regenerated_from_raw_or_split_manifest,5.920000
XWC_P03_N05,XWC_P03_LOCAL_PHRASE,XWC_P03,E_REVIEWED,RECD2_BATCH02_T019,T019,02_recordings/raw_audio/QINIST_002/XWC/RS_XWC_002_BAIYA_PILOT/split_preview/batch02/clean_previews/T019_clean_preview.wav,20.481,0.147,17.494,25.251,27.874,E_REVIEWED->F_FINAL_REVIEWED: global tempo x1.5; f_p02_class_tighten_n05_to_n06,E_REVIEWED_USER_REVIEW,Use E_REVIEWED as base; keep attack timeline; use full_tail source previews; keep T008-safe T014 and P09 atomic takes.,rhythm_12345_then_6_extended|experimental_render=true|production_grade=false|render_anchor_alignment=true|f_final_reviewed=true|experimental_render=true|production_grade=false|tail_policy=full_tail|smart_fade=false|f_p02_class_tighten_n05_to_n06,full_tail,full_tail,full_tail_no_smart_fade,regenerated_from_raw_or_split_manifest,6.580000
XWC_P03_N06,XWC_P03_LOCAL_PHRASE,XWC_P03,E_REVIEWED,RECD2_BATCH03_T021,T021,02_recordings/raw_audio/QINIST_002/XWC/RS_XWC_002_BAIYA_PILOT/split_preview/batch03/clean_previews/T021_clean_preview.wav,22.505,0.831,17.494,25.251,27.874,E_REVIEWED->F_FINAL_REVIEWED: global tempo x1.5; f_p02_class_tighten_n05_to_n06,E_REVIEWED_USER_REVIEW,Use E_REVIEWED as base; keep attack timeline; use full_tail source previews; keep T008-safe T014 and P09 atomic takes.,rhythm_12345_then_6_extended|experimental_render=true|production_grade=false|render_anchor_alignment=true|f_final_reviewed=true|experimental_render=true|production_grade=false|tail_policy=full_tail|smart_fade=false|f_p02_class_tighten_n05_to_n06,full_tail,full_tail,full_tail_no_smart_fade,regenerated_from_raw_or_split_manifest,6.200000
XWC_P04_N01,XWC_P04_LOCAL_PHRASE,XWC_P04,E_REVIEWED,RECD2_BATCH03_T022,T022,02_recordings/raw_audio/QINIST_002/XWC/RS_XWC_002_BAIYA_PILOT/split_preview/batch03/clean_previews/T022_clean_preview.wav,25.281,1.252,25.161,32.917,36.051,E_REVIEWED->F_FINAL_REVIEWED: global tempo x1.5; f_p02_class_tighten_n05_to_n06,E_REVIEWED_USER_REVIEW,Use E_REVIEWED as base; keep attack timeline; use full_tail source previews; keep T008-safe T014 and P09 atomic takes.,rhythm_12345_then_6_extended|experimental_render=true|production_grade=false|render_anchor_alignment=true|f_final_reviewed=true|experimental_render=true|production_grade=false|tail_policy=full_tail|smart_fade=false|f_p02_class_tighten_n05_to_n06,full_tail,full_tail,full_tail_no_smart_fade,regenerated_from_raw_or_split_manifest,7.140000
XWC_P04_N02,XWC_P04_LOCAL_PHRASE,XWC_P04,E_REVIEWED,RECD2_BATCH03_T023,T023,02_recordings/raw_audio/QINIST_002/XWC/RS_XWC_002_BAIYA_PILOT/split_preview/batch03/clean_previews/T023_clean_preview.wav,25.981,1.184,25.161,32.917,36.051,E_REVIEWED->F_FINAL_REVIEWED: global tempo x1.5; f_p02_class_tighten_n05_to_n06,E_REVIEWED_USER_REVIEW,Use E_REVIEWED as base; keep attack timeline; use full_tail source previews; keep T008-safe T014 and P09 atomic takes.,rhythm_12345_then_6_extended|experimental_render=true|production_grade=false|render_anchor_alignment=true|f_final_reviewed=true|experimental_render=true|production_grade=false|tail_policy=full_tail|smart_fade=false|f_p02_class_tighten_n05_to_n06,full_tail,full_tail,full_tail_no_smart_fade,regenerated_from_raw_or_split_manifest,8.280000
XWC_P04_N03,XWC_P04_LOCAL_PHRASE,XWC_P04,E_REVIEWED,RECD2_BATCH03_T024,T024,02_recordings/raw_audio/QINIST_002/XWC/RS_XWC_002_BAIYA_PILOT/split_preview/batch03/clean_previews/T024_clean_preview.wav,26.667,0.794,25.161,32.917,36.051,E_REVIEWED->F_FINAL_REVIEWED: global tempo x1.5; f_p02_class_tighten_n05_to_n06,E_REVIEWED_USER_REVIEW,Use E_REVIEWED as base; keep attack timeline; use full_tail source previews; keep T008-safe T014 and P09 atomic takes.,rhythm_12345_then_6_extended|experimental_render=true|production_grade=false|render_anchor_alignment=true|f_final_reviewed=true|experimental_render=true|production_grade=false|tail_policy=full_tail|smart_fade=false|f_p02_class_tighten_n05_to_n06,full_tail,full_tail,full_tail_no_smart_fade,regenerated_from_raw_or_split_manifest,9.620000
XWC_P04_N04,XWC_P04_LOCAL_PHRASE,XWC_P04,E_REVIEWED,RECD2_BATCH03_T026,T026,02_recordings/raw_audio/QINIST_002/XWC/RS_XWC_002_BAIYA_PILOT/split_preview/batch03/clean_previews/T026_clean_preview.wav,27.381,1.991,25.161,32.917,36.051,E_REVIEWED->F_FINAL_REVIEWED: global tempo x1.5; f_p02_class_tighten_n05_to_n06,E_REVIEWED_USER_REVIEW,Use E_REVIEWED as base; keep attack timeline; use full_tail source previews; keep T008-safe T014 and P09 atomic takes.,rhythm_12345_then_6_extended|experimental_render=true|production_grade=false|render_anchor_alignment=true|f_final_reviewed=true|experimental_render=true|production_grade=false|tail_policy=full_tail|smart_fade=false|f_p02_class_tighten_n05_to_n06,full_tail,full_tail,full_tail_no_smart_fade,regenerated_from_raw_or_split_manifest,7.320000
XWC_P04_N05,XWC_P04_LOCAL_PHRASE,XWC_P04,E_REVIEWED,RECD2_BATCH03_T027,T027,02_recordings/raw_audio/QINIST_002/XWC/RS_XWC_002_BAIYA_PILOT/split_preview/batch03/clean_previews/T027_clean_preview.wav,28.147,0.165,25.161,32.917,36.051,E_REVIEWED->F_FINAL_REVIEWED: global tempo x1.5; f_p02_class_tighten_n05_to_n06,E_REVIEWED_USER_REVIEW,Use E_REVIEWED as base; keep attack timeline; use full_tail source previews; keep T008-safe T014 and P09 atomic takes.,rhythm_12345_then_6_extended|experimental_render=true|production_grade=false|render_anchor_alignment=true|f_final_reviewed=true|experimental_render=true|production_grade=false|tail_policy=full_tail|smart_fade=false|f_p02_class_tighten_n05_to_n06,full_tail,full_tail,full_tail_no_smart_fade,regenerated_from_raw_or_split_manifest,7.350000
XWC_P04_N06,XWC_P04_LOCAL_PHRASE,XWC_P04,E_REVIEWED,RECD2_BATCH03_T029,T029,02_recordings/raw_audio/QINIST_002/XWC/RS_XWC_002_BAIYA_PILOT/split_preview/batch03/clean_previews/T029_clean_preview.wav,30.171,1.800,25.161,32.917,36.051,E_REVIEWED->F_FINAL_REVIEWED: global tempo x1.5; f_p02_class_tighten_n05_to_n06,E_REVIEWED_USER_REVIEW,Use E_REVIEWED as base; keep attack timeline; use full_tail source previews; keep T008-safe T014 and P09 atomic takes.,rhythm_12345_then_6_extended|experimental_render=true|production_grade=false|render_anchor_alignment=true|f_final_reviewed=true|experimental_render=true|production_grade=false|tail_policy=full_tail|smart_fade=false|f_p02_class_tighten_n05_to_n06,full_tail,full_tail,full_tail_no_smart_fade,regenerated_from_raw_or_split_manifest,7.680000
XWC_P05_N01,XWC_P05_LOCAL_PHRASE,XWC_P05,E_REVIEWED,RECD2_BATCH03_T030,T030,02_recordings/raw_audio/QINIST_002/XWC/RS_XWC_002_BAIYA_PILOT/split_preview/batch03/clean_previews/T030_clean_preview.wav,32.947,0.886,32.827,40.584,44.855,E_REVIEWED->F_FINAL_REVIEWED: global tempo x1.5; f_p02_class_tighten_n05_to_n06,E_REVIEWED_USER_REVIEW,Use E_REVIEWED as base; keep attack timeline; use full_tail source previews; keep T008-safe T014 and P09 atomic takes.,rhythm_12345_then_6_extended|experimental_render=true|production_grade=false|render_anchor_alignment=true|f_final_reviewed=true|experimental_render=true|production_grade=false|tail_policy=full_tail|smart_fade=false|f_p02_class_tighten_n05_to_n06,full_tail,full_tail,full_tail_no_smart_fade,regenerated_from_raw_or_split_manifest,10.321859
XWC_P05_N02,XWC_P05_LOCAL_PHRASE,XWC_P05,E_REVIEWED,RECD2_BATCH04_T031,T031,02_recordings/raw_audio/QINIST_002/XWC/RS_XWC_002_BAIYA_PILOT/split_preview/batch04/clean_previews/T031_clean_preview.wav,33.647,2.501,32.827,40.584,44.855,E_REVIEWED->F_FINAL_REVIEWED: global tempo x1.5; f_p02_class_tighten_n05_to_n06,E_REVIEWED_USER_REVIEW,Use E_REVIEWED as base; keep attack timeline; use full_tail source previews; keep T008-safe T014 and P09 atomic takes.,rhythm_12345_then_6_extended|experimental_render=true|production_grade=false|render_anchor_alignment=true|f_final_reviewed=true|experimental_render=true|production_grade=false|tail_policy=full_tail|smart_fade=false|f_p02_class_tighten_n05_to_n06,full_tail,full_tail,full_tail_no_smart_fade,regenerated_from_raw_or_split_manifest,7.240000
XWC_P05_N03,XWC_P05_LOCAL_PHRASE,XWC_P05,E_REVIEWED,RECD2_BATCH04_T032,T032,02_recordings/raw_audio/QINIST_002/XWC/RS_XWC_002_BAIYA_PILOT/split_preview/batch04/clean_previews/T032_clean_preview.wav,34.334,0.217,32.827,40.584,44.855,E_REVIEWED->F_FINAL_REVIEWED: global tempo x1.5; f_p02_class_tighten_n05_to_n06,E_REVIEWED_USER_REVIEW,Use E_REVIEWED as base; keep attack timeline; use full_tail source previews; keep T008-safe T014 and P09 atomic takes.,rhythm_12345_then_6_extended|experimental_render=true|production_grade=false|render_anchor_alignment=true|f_final_reviewed=true|experimental_render=true|production_grade=false|tail_policy=full_tail|smart_fade=false|f_p02_class_tighten_n05_to_n06,full_tail,full_tail,full_tail_no_smart_fade,regenerated_from_raw_or_split_manifest,6.850000
XWC_P05_N04,XWC_P05_LOCAL_PHRASE,XWC_P05,E_REVIEWED,RECD2_BATCH04_T034,T034,02_recordings/raw_audio/QINIST_002/XWC/RS_XWC_002_BAIYA_PILOT/split_preview/batch04/clean_previews/T034_clean_preview.wav,35.047,0.270,32.827,40.584,44.855,E_REVIEWED->F_FINAL_REVIEWED: global tempo x1.5; f_p02_class_tighten_n05_to_n06,E_REVIEWED_USER_REVIEW,Use E_REVIEWED as base; keep attack timeline; use full_tail source previews; keep T008-safe T014 and P09 atomic takes.,rhythm_12345_then_6_extended|experimental_render=true|production_grade=false|render_anchor_alignment=true|f_final_reviewed=true|experimental_render=true|production_grade=false|tail_policy=full_tail|smart_fade=false|f_p02_class_tighten_n05_to_n06,full_tail,full_tail,full_tail_no_smart_fade,regenerated_from_raw_or_split_manifest,7.070000
XWC_P05_N05,XWC_P05_LOCAL_PHRASE,XWC_P05,E_REVIEWED,RECD2_BATCH04_T035,T035,02_recordings/raw_audio/QINIST_002/XWC/RS_XWC_002_BAIYA_PILOT/split_preview/batch04/clean_previews/T035_clean_preview.wav,35.814,0.137,32.827,40.584,44.855,E_REVIEWED->F_FINAL_REVIEWED: global tempo x1.5; f_p02_class_tighten_n05_to_n06,E_REVIEWED_USER_REVIEW,Use E_REVIEWED as base; keep attack timeline; use full_tail source previews; keep T008-safe T014 and P09 atomic takes.,rhythm_12345_then_6_extended|experimental_render=true|production_grade=false|render_anchor_alignment=true|f_final_reviewed=true|experimental_render=true|production_grade=false|tail_policy=full_tail|smart_fade=false|f_p02_class_tighten_n05_to_n06,full_tail,full_tail,full_tail_no_smart_fade,regenerated_from_raw_or_split_manifest,7.160000
XWC_P05_N06,XWC_P05_LOCAL_PHRASE,XWC_P05,E_REVIEWED,RECD2_BATCH04_T037,T037,02_recordings/raw_audio/QINIST_002/XWC/RS_XWC_002_BAIYA_PILOT/split_preview/batch04/clean_previews/T037_clean_preview.wav,37.838,0.863,32.827,40.584,44.855,E_REVIEWED->F_FINAL_REVIEWED: global tempo x1.5; f_p02_class_tighten_n05_to_n06,E_REVIEWED_USER_REVIEW,Use E_REVIEWED as base; keep attack timeline; use full_tail source previews; keep T008-safe T014 and P09 atomic takes.,rhythm_12345_then_6_extended|experimental_render=true|production_grade=false|render_anchor_alignment=true|f_final_reviewed=true|experimental_render=true|production_grade=false|tail_policy=full_tail|smart_fade=false|f_p02_class_tighten_n05_to_n06,full_tail,full_tail,full_tail_no_smart_fade,regenerated_from_raw_or_split_manifest,7.880000
XWC_P06_N01,XWC_P06_LOCAL_PHRASE,XWC_P06,E_REVIEWED,RECD2_BATCH04_T038,T038,02_recordings/raw_audio/QINIST_002/XWC/RS_XWC_002_BAIYA_PILOT/split_preview/batch04/clean_previews/T038_clean_preview.wav,40.614,0.632,40.494,46.784,49.396,E_REVIEWED->F_FINAL_REVIEWED: global tempo x1.5; f_p01_class_tighten_n03_to_n04,E_REVIEWED_USER_REVIEW,Use E_REVIEWED as base; keep attack timeline; use full_tail source previews; keep T008-safe T014 and P09 atomic takes.,rhythm_123_then_4_extended|experimental_render=true|production_grade=false|render_anchor_alignment=true|f_final_reviewed=true|experimental_render=true|production_grade=false|tail_policy=full_tail|smart_fade=false|f_p01_class_tighten_n03_to_n04,full_tail,full_tail,full_tail_no_smart_fade,regenerated_from_raw_or_split_manifest,9.390000
XWC_P06_N02,XWC_P06_LOCAL_PHRASE,XWC_P06,E_REVIEWED,RECD2_BATCH04_T039,T039,02_recordings/raw_audio/QINIST_002/XWC/RS_XWC_002_BAIYA_PILOT/split_preview/batch04/clean_previews/T039_clean_preview.wav,41.447,1.522,40.494,46.784,49.396,E_REVIEWED->F_FINAL_REVIEWED: global tempo x1.5; f_p01_class_tighten_n03_to_n04,E_REVIEWED_USER_REVIEW,Use E_REVIEWED as base; keep attack timeline; use full_tail source previews; keep T008-safe T014 and P09 atomic takes.,rhythm_123_then_4_extended|experimental_render=true|production_grade=false|render_anchor_alignment=true|f_final_reviewed=true|experimental_render=true|production_grade=false|tail_policy=full_tail|smart_fade=false|f_p01_class_tighten_n03_to_n04,full_tail,full_tail,full_tail_no_smart_fade,regenerated_from_raw_or_split_manifest,7.480000
XWC_P06_N03,XWC_P06_LOCAL_PHRASE,XWC_P06,E_REVIEWED,RECD2_BATCH05_T041,T041,02_recordings/raw_audio/QINIST_002/XWC/RS_XWC_002_BAIYA_PILOT/split_preview/batch05/clean_previews/T041_clean_preview.wav,42.314,1.712,40.494,46.784,49.396,E_REVIEWED->F_FINAL_REVIEWED: global tempo x1.5; f_p01_class_tighten_n03_to_n04,E_REVIEWED_USER_REVIEW,Use E_REVIEWED as base; keep attack timeline; use full_tail source previews; keep T008-safe T014 and P09 atomic takes.,rhythm_123_then_4_extended|experimental_render=true|production_grade=false|render_anchor_alignment=true|f_final_reviewed=true|experimental_render=true|production_grade=false|tail_policy=full_tail|smart_fade=false|f_p01_class_tighten_n03_to_n04,full_tail,full_tail,full_tail_no_smart_fade,regenerated_from_raw_or_split_manifest,8.700000
XWC_P06_N04,XWC_P06_LOCAL_PHRASE,XWC_P06,E_REVIEWED,RECD2_BATCH05_T043,T043,02_recordings/raw_audio/QINIST_002/XWC/RS_XWC_002_BAIYA_PILOT/split_preview/batch05/clean_previews/T043_clean_preview.wav,44.250,1.534,40.494,46.784,49.396,E_REVIEWED->F_FINAL_REVIEWED: global tempo x1.5; f_p01_class_tighten_n03_to_n04,E_REVIEWED_USER_REVIEW,Use E_REVIEWED as base; keep attack timeline; use full_tail source previews; keep T008-safe T014 and P09 atomic takes.,rhythm_123_then_4_extended|experimental_render=true|production_grade=false|render_anchor_alignment=true|f_final_reviewed=true|experimental_render=true|production_grade=false|tail_policy=full_tail|smart_fade=false|f_p01_class_tighten_n03_to_n04,full_tail,full_tail,full_tail_no_smart_fade,regenerated_from_raw_or_split_manifest,6.680000
XWC_P07_N01,XWC_P07_LOCAL_PHRASE,XWC_P07,E_REVIEWED,RECD2_BATCH05_T044,T044,02_recordings/raw_audio/QINIST_002/XWC/RS_XWC_002_BAIYA_PILOT/split_preview/batch05/clean_previews/T044_clean_preview.wav,46.814,0.647,46.694,52.984,56.714,E_REVIEWED->F_FINAL_REVIEWED: global tempo x1.5; f_p01_class_tighten_n03_to_n04,E_REVIEWED_USER_REVIEW,Use E_REVIEWED as base; keep attack timeline; use full_tail source previews; keep T008-safe T014 and P09 atomic takes.,rhythm_123_then_4_extended|experimental_render=true|production_grade=false|render_anchor_alignment=true|f_final_reviewed=true|experimental_render=true|production_grade=false|tail_policy=full_tail|smart_fade=false|f_p01_class_tighten_n03_to_n04,full_tail,full_tail,full_tail_no_smart_fade,regenerated_from_raw_or_split_manifest,8.380000
XWC_P07_N02,XWC_P07_LOCAL_PHRASE,XWC_P07,E_REVIEWED,RECD2_BATCH05_T045,T045,02_recordings/raw_audio/QINIST_002/XWC/RS_XWC_002_BAIYA_PILOT/split_preview/batch05/clean_previews/T045_clean_preview.wav,47.647,0.821,46.694,52.984,56.714,E_REVIEWED->F_FINAL_REVIEWED: global tempo x1.5; f_p01_class_tighten_n03_to_n04,E_REVIEWED_USER_REVIEW,Use E_REVIEWED as base; keep attack timeline; use full_tail source previews; keep T008-safe T014 and P09 atomic takes.,rhythm_123_then_4_extended|experimental_render=true|production_grade=false|render_anchor_alignment=true|f_final_reviewed=true|experimental_render=true|production_grade=false|tail_policy=full_tail|smart_fade=false|f_p01_class_tighten_n03_to_n04,full_tail,full_tail,full_tail_no_smart_fade,regenerated_from_raw_or_split_manifest,8.000000
XWC_P07_N03,XWC_P07_LOCAL_PHRASE,XWC_P07,E_REVIEWED,RECD2_BATCH05_T047,T047,02_recordings/raw_audio/QINIST_002/XWC/RS_XWC_002_BAIYA_PILOT/split_preview/batch05/clean_previews/T047_clean_preview.wav,48.514,0.406,46.694,52.984,56.714,E_REVIEWED->F_FINAL_REVIEWED: global tempo x1.5; f_p01_class_tighten_n03_to_n04,E_REVIEWED_USER_REVIEW,Use E_REVIEWED as base; keep attack timeline; use full_tail source previews; keep T008-safe T014 and P09 atomic takes.,rhythm_123_then_4_extended|experimental_render=true|production_grade=false|render_anchor_alignment=true|f_final_reviewed=true|experimental_render=true|production_grade=false|tail_policy=full_tail|smart_fade=false|f_p01_class_tighten_n03_to_n04,full_tail,full_tail,full_tail_no_smart_fade,regenerated_from_raw_or_split_manifest,7.590000
XWC_P07_N04,XWC_P07_LOCAL_PHRASE,XWC_P07,E_REVIEWED,RECD2_BATCH05_T049,T049,02_recordings/raw_audio/QINIST_002/XWC/RS_XWC_002_BAIYA_PILOT/split_preview/batch05/clean_previews/T049_clean_preview.wav,50.450,1.556,46.694,52.984,56.714,E_REVIEWED->F_FINAL_REVIEWED: global tempo x1.5; f_p01_class_tighten_n03_to_n04,E_REVIEWED_USER_REVIEW,Use E_REVIEWED as base; keep attack timeline; use full_tail source previews; keep T008-safe T014 and P09 atomic takes.,rhythm_123_then_4_extended|experimental_render=true|production_grade=false|render_anchor_alignment=true|f_final_reviewed=true|experimental_render=true|production_grade=false|tail_policy=full_tail|smart_fade=false|f_p01_class_tighten_n03_to_n04,full_tail,full_tail,full_tail_no_smart_fade,regenerated_from_raw_or_split_manifest,7.820000
XWC_P08_N01,XWC_P08_LOCAL_PHRASE,XWC_P08,E_REVIEWED,RECD2_BATCH05_T050,T050,02_recordings/raw_audio/QINIST_002/XWC/RS_XWC_002_BAIYA_PILOT/split_preview/batch05/clean_previews/T050_clean_preview.wav,53.014,1.879,52.894,59.184,65.034,E_REVIEWED->F_FINAL_REVIEWED: global tempo x1.5; f_p01_class_tighten_n03_to_n04,E_REVIEWED_USER_REVIEW,Use E_REVIEWED as base; keep attack timeline; use full_tail source previews; keep T008-safe T014 and P09 atomic takes.,rhythm_123_then_4_extended|experimental_render=true|production_grade=false|render_anchor_alignment=true|f_final_reviewed=true|experimental_render=true|production_grade=false|tail_policy=full_tail|smart_fade=false|f_p01_class_tighten_n03_to_n04,full_tail,full_tail,full_tail_no_smart_fade,regenerated_from_raw_or_split_manifest,10.169705
XWC_P08_N02,XWC_P08_LOCAL_PHRASE,XWC_P08,E_REVIEWED,RECD2_BATCH06_T052,T052,02_recordings/raw_audio/QINIST_002/XWC/RS_XWC_002_BAIYA_PILOT/split_preview/batch06/clean_previews/T052_clean_preview.wav,53.847,1.193,52.894,59.184,65.034,E_REVIEWED->F_FINAL_REVIEWED: global tempo x1.5; f_p01_class_tighten_n03_to_n04,E_REVIEWED_USER_REVIEW,Use E_REVIEWED as base; keep attack timeline; use full_tail source previews; keep T008-safe T014 and P09 atomic takes.,rhythm_123_then_4_extended|experimental_render=true|production_grade=false|render_anchor_alignment=true|f_final_reviewed=true|experimental_render=true|production_grade=false|tail_policy=full_tail|smart_fade=false|f_p01_class_tighten_n03_to_n04,full_tail,full_tail,full_tail_no_smart_fade,regenerated_from_raw_or_split_manifest,9.320000
XWC_P08_N03,XWC_P08_LOCAL_PHRASE,XWC_P08,E_REVIEWED,RECD2_BATCH06_T054,T054,02_recordings/raw_audio/QINIST_002/XWC/RS_XWC_002_BAIYA_PILOT/split_preview/batch06/clean_previews/T054_clean_preview.wav,54.714,0.836,52.894,59.184,65.034,E_REVIEWED->F_FINAL_REVIEWED: global tempo x1.5; f_p01_class_tighten_n03_to_n04,E_REVIEWED_USER_REVIEW,Use E_REVIEWED as base; keep attack timeline; use full_tail source previews; keep T008-safe T014 and P09 atomic takes.,rhythm_123_then_4_extended|experimental_render=true|production_grade=false|render_anchor_alignment=true|f_final_reviewed=true|experimental_render=true|production_grade=false|tail_policy=full_tail|smart_fade=false|f_p01_class_tighten_n03_to_n04,full_tail,full_tail,full_tail_no_smart_fade,regenerated_from_raw_or_split_manifest,9.060000
XWC_P08_N04,XWC_P08_LOCAL_PHRASE,XWC_P08,E_REVIEWED,RECD2_BATCH06_T056,T056,02_recordings/raw_audio/QINIST_002/XWC/RS_XWC_002_BAIYA_PILOT/split_preview/batch06/clean_previews/T056_clean_preview.wav,56.650,0.376,52.894,59.184,65.034,E_REVIEWED->F_FINAL_REVIEWED: global tempo x1.5; f_p01_class_tighten_n03_to_n04,E_REVIEWED_USER_REVIEW,Use E_REVIEWED as base; keep attack timeline; use full_tail source previews; keep T008-safe T014 and P09 atomic takes.,rhythm_123_then_4_extended|experimental_render=true|production_grade=false|render_anchor_alignment=true|f_final_reviewed=true|experimental_render=true|production_grade=false|tail_policy=full_tail|smart_fade=false|f_p01_class_tighten_n03_to_n04,full_tail,full_tail,full_tail_no_smart_fade,regenerated_from_raw_or_split_manifest,8.760000
XWC_P09_N01,XWC_P09_LOCAL_PHRASE,XWC_P09,E_REVIEWED,RECD2_BATCH06_T057,T057,02_recordings/raw_audio/QINIST_002/XWC/RS_XWC_002_BAIYA_PILOT/split_preview/batch06/clean_previews/T057_clean_preview.wav,59.214,2.784,59.094,65.384,68.858,E_REVIEWED->F_FINAL_REVIEWED: global tempo x1.5; f_p01_class_tighten_n03_to_n04,E_REVIEWED_USER_REVIEW,Use E_REVIEWED as base; keep attack timeline; use full_tail source previews; keep T008-safe T014 and P09 atomic takes.,p09_context_take_overused_fixed|context_take_used=false|context_audio_trimmed=not_needed|duplicate_context_audio_avoided=true|experimental_render=true|production_grade=false|render_anchor_alignment=true|f_final_reviewed=true|experimental_render=true|production_grade=false|tail_policy=full_tail|smart_fade=false|f_p01_class_tighten_n03_to_n04,full_tail,full_tail,full_tail_no_smart_fade,regenerated_from_raw_or_split_manifest,9.230000
XWC_P09_N02,XWC_P09_LOCAL_PHRASE,XWC_P09,E_REVIEWED,RECD2_BATCH06_T059,T059,02_recordings/raw_audio/QINIST_002/XWC/RS_XWC_002_BAIYA_PILOT/split_preview/batch06/clean_previews/T059_clean_preview.wav,60.047,0.236,59.094,65.384,68.858,E_REVIEWED->F_FINAL_REVIEWED: global tempo x1.5; f_p01_class_tighten_n03_to_n04,E_REVIEWED_USER_REVIEW,Use E_REVIEWED as base; keep attack timeline; use full_tail source previews; keep T008-safe T014 and P09 atomic takes.,p09_context_take_overused_fixed|context_take_used=false|context_audio_trimmed=not_needed|duplicate_context_audio_avoided=true|source_context_role=context_candidate|experimental_render=true|production_grade=false|render_anchor_alignment=true|f_final_reviewed=true|experimental_render=true|production_grade=false|tail_policy=full_tail|smart_fade=false|f_p01_class_tighten_n03_to_n04,full_tail,full_tail,full_tail_no_smart_fade,regenerated_from_raw_or_split_manifest,3.600000
XWC_P09_N03,XWC_P09_LOCAL_PHRASE,XWC_P09,E_REVIEWED,RECD2_BATCH07_T061,T061,02_recordings/raw_audio/QINIST_002/XWC/RS_XWC_002_BAIYA_PILOT/split_preview/batch07/clean_previews/T061_clean_preview.wav,60.914,1.551,59.094,65.384,68.858,E_REVIEWED->F_FINAL_REVIEWED: global tempo x1.5; f_p01_class_tighten_n03_to_n04,E_REVIEWED_USER_REVIEW,Use E_REVIEWED as base; keep attack timeline; use full_tail source previews; keep T008-safe T014 and P09 atomic takes.,p09_context_take_overused_fixed|context_take_used=false|context_audio_trimmed=not_needed|duplicate_context_audio_avoided=true|experimental_render=true|production_grade=false|render_anchor_alignment=true|f_final_reviewed=true|experimental_render=true|production_grade=false|tail_policy=full_tail|smart_fade=false|f_p01_class_tighten_n03_to_n04,full_tail,full_tail,full_tail_no_smart_fade,regenerated_from_raw_or_split_manifest,8.660000
XWC_P09_N04,XWC_P09_LOCAL_PHRASE,XWC_P09,E_REVIEWED,RECD2_BATCH07_T062,T062,02_recordings/raw_audio/QINIST_002/XWC/RS_XWC_002_BAIYA_PILOT/split_preview/batch07/clean_previews/T062_clean_preview.wav,62.850,0.572,59.094,65.384,68.858,E_REVIEWED->F_FINAL_REVIEWED: global tempo x1.5; f_p01_class_tighten_n03_to_n04,E_REVIEWED_USER_REVIEW,Use E_REVIEWED as base; keep attack timeline; use full_tail source previews; keep T008-safe T014 and P09 atomic takes.,p09_context_take_overused_fixed|context_take_used=false|context_audio_trimmed=not_needed|duplicate_context_audio_avoided=true|experimental_render=true|production_grade=false|render_anchor_alignment=true|f_final_reviewed=true|experimental_render=true|production_grade=false|tail_policy=full_tail|smart_fade=false|f_p01_class_tighten_n03_to_n04,full_tail,full_tail,full_tail_no_smart_fade,regenerated_from_raw_or_split_manifest,6.580000
XWC_P10_N01,XWC_P10_LOCAL_PHRASE,XWC_P10,E_REVIEWED,RECD2_BATCH07_T064,T064,02_recordings/raw_audio/QINIST_002/XWC/RS_XWC_002_BAIYA_PILOT/split_preview/batch07/clean_previews/T064_clean_preview.wav,65.414,1.060,65.294,81.905,84.708,E_REVIEWED->F_FINAL_REVIEWED: global tempo x1.5; global tempo policy,E_REVIEWED_USER_REVIEW,Use E_REVIEWED as base; keep attack timeline; use full_tail source previews; keep T008-safe T014 and P09 atomic takes.,p10_good_positive_preference|first_note_extended|notes_2_3_4_grouped|notes_5_6_7_separated|experimental_render=true|production_grade=false|render_anchor_alignment=true|f_final_reviewed=true|experimental_render=true|production_grade=false|tail_policy=full_tail|smart_fade=false,full_tail,full_tail,full_tail_no_smart_fade,regenerated_from_raw_or_split_manifest,7.360000
XWC_P10_N02,XWC_P10_LOCAL_PHRASE,XWC_P10,E_REVIEWED,RECD2_BATCH07_T065,T065,02_recordings/raw_audio/QINIST_002/XWC/RS_XWC_002_BAIYA_PILOT/split_preview/batch07/clean_previews/T065_clean_preview.wav,67.414,0.324,65.294,81.905,84.708,E_REVIEWED->F_FINAL_REVIEWED: global tempo x1.5; global tempo policy,E_REVIEWED_USER_REVIEW,Use E_REVIEWED as base; keep attack timeline; use full_tail source previews; keep T008-safe T014 and P09 atomic takes.,p10_good_positive_preference|first_note_extended|notes_2_3_4_grouped|notes_5_6_7_separated|experimental_render=true|production_grade=false|render_anchor_alignment=true|f_final_reviewed=true|experimental_render=true|production_grade=false|tail_policy=full_tail|smart_fade=false,full_tail,full_tail,full_tail_no_smart_fade,regenerated_from_raw_or_split_manifest,5.810000
XWC_P10_N03,XWC_P10_LOCAL_PHRASE,XWC_P10,E_REVIEWED,RECD2_BATCH07_T066,T066,02_recordings/raw_audio/QINIST_002/XWC/RS_XWC_002_BAIYA_PILOT/split_preview/batch07/clean_previews/T066_clean_preview.wav,68.161,0.207,65.294,81.905,84.708,E_REVIEWED->F_FINAL_REVIEWED: global tempo x1.5; global tempo policy,E_REVIEWED_USER_REVIEW,Use E_REVIEWED as base; keep attack timeline; use full_tail source previews; keep T008-safe T014 and P09 atomic takes.,p10_good_positive_preference|first_note_extended|notes_2_3_4_grouped|notes_5_6_7_separated|experimental_render=true|production_grade=false|render_anchor_alignment=true|f_final_reviewed=true|experimental_render=true|production_grade=false|tail_policy=full_tail|smart_fade=false,full_tail,full_tail,full_tail_no_smart_fade,regenerated_from_raw_or_split_manifest,7.210000
XWC_P10_N04,XWC_P10_LOCAL_PHRASE,XWC_P10,E_REVIEWED,RECD2_BATCH07_T067,T067,02_recordings/raw_audio/QINIST_002/XWC/RS_XWC_002_BAIYA_PILOT/split_preview/batch07/clean_previews/T067_clean_preview.wav,68.914,0.128,65.294,81.905,84.708,E_REVIEWED->F_FINAL_REVIEWED: global tempo x1.5; global tempo policy,E_REVIEWED_USER_REVIEW,Use E_REVIEWED as base; keep attack timeline; use full_tail source previews; keep T008-safe T014 and P09 atomic takes.,p10_good_positive_preference|first_note_extended|notes_2_3_4_grouped|notes_5_6_7_separated|experimental_render=true|production_grade=false|render_anchor_alignment=true|f_final_reviewed=true|experimental_render=true|production_grade=false|tail_policy=full_tail|smart_fade=false,full_tail,full_tail,full_tail_no_smart_fade,regenerated_from_raw_or_split_manifest,6.860000
XWC_P10_N05,XWC_P10_LOCAL_PHRASE,XWC_P10,E_REVIEWED,RECD2_BATCH07_T068,T068,02_recordings/raw_audio/QINIST_002/XWC/RS_XWC_002_BAIYA_PILOT/split_preview/batch07/clean_previews/T068_clean_preview.wav,71.214,0.511,65.294,81.905,84.708,E_REVIEWED->F_FINAL_REVIEWED: global tempo x1.5; global tempo policy,E_REVIEWED_USER_REVIEW,Use E_REVIEWED as base; keep attack timeline; use full_tail source previews; keep T008-safe T014 and P09 atomic takes.,p10_good_positive_preference|first_note_extended|notes_2_3_4_grouped|notes_5_6_7_separated|experimental_render=true|production_grade=false|render_anchor_alignment=true|f_final_reviewed=true|experimental_render=true|production_grade=false|tail_policy=full_tail|smart_fade=false,full_tail,full_tail,full_tail_no_smart_fade,regenerated_from_raw_or_split_manifest,5.430000
XWC_P10_N06,XWC_P10_LOCAL_PHRASE,XWC_P10,E_REVIEWED,RECD2_BATCH07_T069,T069,02_recordings/raw_audio/QINIST_002/XWC/RS_XWC_002_BAIYA_PILOT/split_preview/batch07/clean_previews/T069_clean_preview.wav,73.581,0.818,65.294,81.905,84.708,E_REVIEWED->F_FINAL_REVIEWED: global tempo x1.5; global tempo policy,E_REVIEWED_USER_REVIEW,Use E_REVIEWED as base; keep attack timeline; use full_tail source previews; keep T008-safe T014 and P09 atomic takes.,p10_good_positive_preference|first_note_extended|notes_2_3_4_grouped|notes_5_6_7_separated|experimental_render=true|production_grade=false|render_anchor_alignment=true|f_final_reviewed=true|experimental_render=true|production_grade=false|tail_policy=full_tail|smart_fade=false,full_tail,full_tail,full_tail_no_smart_fade,regenerated_from_raw_or_split_manifest,7.250000
XWC_P10_N07,XWC_P10_LOCAL_PHRASE,XWC_P10,E_REVIEWED,RECD2_BATCH07_T070,T070,02_recordings/raw_audio/QINIST_002/XWC/RS_XWC_002_BAIYA_PILOT/split_preview/batch07/clean_previews/T070_clean_preview.wav,76.014,2.727,65.294,81.905,84.708,E_REVIEWED->F_FINAL_REVIEWED: global tempo x1.5; global tempo policy,E_REVIEWED_USER_REVIEW,Use E_REVIEWED as base; keep attack timeline; use full_tail source previews; keep T008-safe T014 and P09 atomic takes.,p10_good_positive_preference|first_note_extended|notes_2_3_4_grouped|notes_5_6_7_separated|experimental_render=true|production_grade=false|render_anchor_alignment=true|f_final_reviewed=true|experimental_render=true|production_grade=false|tail_policy=full_tail|smart_fade=false,full_tail,full_tail,full_tail_no_smart_fade,regenerated_from_raw_or_split_manifest,11.420590
