component_id_v0_2,label_zh,component_family,major_category,source_component_id_v0_1,source_image_path_v0_1,legacy_refs,semantic_alias_refs,needs_review,notes
COMP-801,入乱,rhythm_marker_family,节奏谱字,COMP-100,sources/qxby_component_atlas/images/jiezou_puzi/COMP-100_入乱.png,,,false,category_based_v0_2 primary ID; source image not rewritten
COMP-802,入慢,rhythm_marker_family,节奏谱字,COMP-101,sources/qxby_component_atlas/images/jiezou_puzi/COMP-101_入慢.png,,,false,category_based_v0_2 primary ID; source image not rewritten
COMP-803,入拍,rhythm_marker_family,节奏谱字,COMP-102,sources/qxby_component_atlas/images/jiezou_puzi/COMP-102_入拍.png,,,false,category_based_v0_2 primary ID; source image not rewritten
COMP-804,大慢,rhythm_marker_family,节奏谱字,COMP-103,sources/qxby_component_atlas/images/jiezou_puzi/COMP-103_大慢.png,,,false,category_based_v0_2 primary ID; source image not rewritten
COMP-805,实,rhythm_marker_family,节奏谱字,COMP-104,sources/qxby_component_atlas/images/jiezou_puzi/COMP-104_实.png,,,false,category_based_v0_2 primary ID; source image not rewritten
COMP-806,少息,rhythm_marker_family,节奏谱字,COMP-105,sources/qxby_component_atlas/images/jiezou_puzi/COMP-105_少息.png,COMP-003,,false,category_based_v0_2 primary ID; source image not rewritten
COMP-807,急,rhythm_marker_family,节奏谱字,COMP-106,sources/qxby_component_atlas/images/jiezou_puzi/COMP-106_急.png,COMP-030,,false,category_based_v0_2 primary ID; source image not rewritten
COMP-808,急作,rhythm_marker_family,节奏谱字,COMP-107,sources/qxby_component_atlas/images/jiezou_puzi/COMP-107_急作.png,,,false,category_based_v0_2 primary ID; source image not rewritten
COMP-809,息,rhythm_marker_family,节奏谱字,COMP-108,sources/qxby_component_atlas/images/jiezou_puzi/COMP-108_息.png,,,false,category_based_v0_2 primary ID; source image not rewritten
COMP-810,慢,rhythm_marker_family,节奏谱字,COMP-109,sources/qxby_component_atlas/images/jiezou_puzi/COMP-109_慢.png,,,false,category_based_v0_2 primary ID; source image not rewritten
COMP-811,接,rhythm_marker_family,节奏谱字,COMP-110,sources/qxby_component_atlas/images/jiezou_puzi/COMP-110_接.png,,,false,category_based_v0_2 primary ID; source image not rewritten
COMP-812,渐慢,rhythm_marker_family,节奏谱字,COMP-111,sources/qxby_component_atlas/images/jiezou_puzi/COMP-111_渐慢.png,,,false,category_based_v0_2 primary ID; source image not rewritten
COMP-813,紧,rhythm_marker_family,节奏谱字,COMP-112,sources/qxby_component_atlas/images/jiezou_puzi/COMP-112_紧.png,,,false,category_based_v0_2 primary ID; source image not rewritten
COMP-814,缓,rhythm_marker_family,节奏谱字,COMP-113,sources/qxby_component_atlas/images/jiezou_puzi/COMP-113_缓.png,,,false,category_based_v0_2 primary ID; source image not rewritten
COMP-815,缓作,rhythm_marker_family,节奏谱字,COMP-114,sources/qxby_component_atlas/images/jiezou_puzi/COMP-114_缓作.png,,,false,category_based_v0_2 primary ID; source image not rewritten
COMP-816,蓄,rhythm_marker_family,节奏谱字,COMP-115,sources/qxby_component_atlas/images/jiezou_puzi/COMP-115_蓄.png,,,false,category_based_v0_2 primary ID; source image not rewritten
COMP-817,虚,rhythm_marker_family,节奏谱字,COMP-116,sources/qxby_component_atlas/images/jiezou_puzi/COMP-116_虚.png,,,false,category_based_v0_2 primary ID; source image not rewritten
COMP-818,踢宕,rhythm_marker_family,节奏谱字,COMP-117,sources/qxby_component_atlas/images/jiezou_puzi/COMP-117_踢宕.png,,,false,category_based_v0_2 primary ID; source image not rewritten
COMP-819,轻,rhythm_marker_family,节奏谱字,COMP-118,sources/qxby_component_atlas/images/jiezou_puzi/COMP-118_轻.png,,,false,category_based_v0_2 primary ID; source image not rewritten
COMP-820,连,rhythm_marker_family,节奏谱字,COMP-119,sources/qxby_component_atlas/images/jiezou_puzi/COMP-119_连.png,,,false,category_based_v0_2 primary ID; source image not rewritten
COMP-821,重,rhythm_marker_family,节奏谱字,COMP-120,sources/qxby_component_atlas/images/jiezou_puzi/COMP-120_重.png,,,false,category_based_v0_2 primary ID; source image not rewritten
COMP-822,顿,rhythm_marker_family,节奏谱字,COMP-121,sources/qxby_component_atlas/images/jiezou_puzi/COMP-121_顿.png,,,false,category_based_v0_2 primary ID; source image not rewritten
COMP-901,不动,generic_score_marker_family,通用谱字,COMP-122,sources/qxby_component_atlas/images/tongyong_puzi/COMP-122_不动.png,,,false,category_based_v0_2 primary ID; source image not rewritten
COMP-902,二作,generic_score_marker_family,通用谱字,COMP-123,sources/qxby_component_atlas/images/tongyong_puzi/COMP-123_二作.png,,,false,category_based_v0_2 primary ID; source image not rewritten
COMP-903,从勾再作,generic_score_marker_family,通用谱字,COMP-124,sources/qxby_component_atlas/images/tongyong_puzi/COMP-124_从勾再作.png,,,false,category_based_v0_2 primary ID; source image not rewritten
COMP-904,从头再作,generic_score_marker_family,通用谱字,COMP-125,sources/qxby_component_atlas/images/tongyong_puzi/COMP-125_从头再作.png,,,false,category_based_v0_2 primary ID; source image not rewritten
COMP-905,再作,generic_score_marker_family,通用谱字,COMP-126,sources/qxby_component_atlas/images/tongyong_puzi/COMP-126_再作.png,,,false,category_based_v0_2 primary ID; source image not rewritten
COMP-906,句,generic_score_marker_family,通用谱字,COMP-127,sources/qxby_component_atlas/images/tongyong_puzi/COMP-127_句.png,COMP-005,COMP-005:punctuation_label_alias,true,category_based_v0_2 primary ID; source image not rewritten
COMP-907,就,generic_score_marker_family,通用谱字,COMP-128,sources/qxby_component_atlas/images/tongyong_puzi/COMP-128_就.png,COMP-023,,false,category_based_v0_2 primary ID; source image not rewritten
COMP-908,换,generic_score_marker_family,通用谱字,COMP-129,sources/qxby_component_atlas/images/tongyong_puzi/COMP-129_换.png,,,false,category_based_v0_2 primary ID; source image not rewritten
COMP-909,操终,generic_score_marker_family,通用谱字,COMP-130,sources/qxby_component_atlas/images/tongyong_puzi/COMP-130_操终.png,,,false,category_based_v0_2 primary ID; source image not rewritten
COMP-910,曲终,generic_score_marker_family,通用谱字,COMP-131,sources/qxby_component_atlas/images/tongyong_puzi/COMP-131_曲终.png,,,false,category_based_v0_2 primary ID; source image not rewritten
COMP-911,末,generic_score_marker_family,通用谱字,COMP-132,sources/qxby_component_atlas/images/tongyong_puzi/COMP-132_末.png,,,false,category_based_v0_2 primary ID; source image not rewritten
COMP-912,次,generic_score_marker_family,通用谱字,COMP-133,sources/qxby_component_atlas/images/tongyong_puzi/COMP-133_次.png,,,false,category_based_v0_2 primary ID; source image not rewritten
COMP-913,段,generic_score_marker_family,通用谱字,COMP-134,sources/qxby_component_atlas/images/tongyong_puzi/COMP-134_段.png,,,false,category_based_v0_2 primary ID; source image not rewritten
COMP-914,至,generic_score_marker_family,通用谱字,COMP-135,sources/qxby_component_atlas/images/tongyong_puzi/COMP-135_至.png,,,false,category_based_v0_2 primary ID; source image not rewritten
COMP-915,调终,generic_score_marker_family,通用谱字,COMP-136,sources/qxby_component_atlas/images/tongyong_puzi/COMP-136_调终.png,,,false,category_based_v0_2 primary ID; source image not rewritten
COMP-701,弦,sound_position_marker_family,音位谱字,COMP-137,sources/qxby_component_atlas/images/yinwei_puzi/COMP-137_弦.png,,,false,category_based_v0_2 primary ID; source image not rewritten
COMP-702,徽,sound_position_marker_family,音位谱字,COMP-138,sources/qxby_component_atlas/images/yinwei_puzi/COMP-138_徽.png,,,false,category_based_v0_2 primary ID; source image not rewritten
COMP-703,指,sound_position_marker_family,音位谱字,COMP-139,sources/qxby_component_atlas/images/yinwei_puzi/COMP-139_指.png,,,false,category_based_v0_2 primary ID; source image not rewritten
COMP-704,按,sound_position_marker_family,音位谱字,COMP-140,sources/qxby_component_atlas/images/yinwei_puzi/COMP-140_按.png,,,false,category_based_v0_2 primary ID; source image not rewritten
COMP-705,散,sound_position_marker_family,音位谱字,COMP-141,sources/qxby_component_atlas/images/yinwei_puzi/COMP-141_散.png,COMP-027,COMP-027:sound_state_label_alias,true,category_based_v0_2 primary ID; source image not rewritten
COMP-706,泛,sound_position_marker_family,音位谱字,COMP-142,sources/qxby_component_atlas/images/yinwei_puzi/COMP-142_泛.png,,,false,category_based_v0_2 primary ID; source image not rewritten
COMP-707,泛止,sound_position_marker_family,音位谱字,COMP-143,sources/qxby_component_atlas/images/yinwei_puzi/COMP-143_泛止.png,COMP-017,,false,category_based_v0_2 primary ID; source image not rewritten
COMP-708,泛起,sound_position_marker_family,音位谱字,COMP-144,sources/qxby_component_atlas/images/yinwei_puzi/COMP-144_泛起.png,COMP-002,,false,category_based_v0_2 primary ID; source image not rewritten
COMP-201,三弹,right_hand_two_string_family,右手指法-两弦双弹,COMP-145,sources/qxby_component_atlas/images/rh_two_string_double_pluck/COMP-145_三弹.png,,,false,category_based_v0_2 primary ID; source image not rewritten
COMP-202,伏,right_hand_two_string_family,右手指法-两弦双弹,COMP-146,sources/qxby_component_atlas/images/rh_two_string_double_pluck/COMP-146_伏.png,,,false,category_based_v0_2 primary ID; source image not rewritten
COMP-203,全扶,right_hand_two_string_family,右手指法-两弦双弹,COMP-147,sources/qxby_component_atlas/images/rh_two_string_double_pluck/COMP-147_全扶.png,,,false,category_based_v0_2 primary ID; source image not rewritten
COMP-204,剌,right_hand_two_string_family,右手指法-两弦双弹,COMP-148,sources/qxby_component_atlas/images/rh_two_string_double_pluck/COMP-148_剌.png,,,false,category_based_v0_2 primary ID; source image not rewritten
COMP-205,半扶,right_hand_two_string_family,右手指法-两弦双弹,COMP-149,sources/qxby_component_atlas/images/rh_two_string_double_pluck/COMP-149_半扶.png,,,false,category_based_v0_2 primary ID; source image not rewritten
COMP-206,双弹,right_hand_two_string_family,右手指法-两弦双弹,COMP-150,sources/qxby_component_atlas/images/rh_two_string_double_pluck/COMP-150_双弹.png,COMP-038,,false,category_based_v0_2 primary ID; source image not rewritten
COMP-207,反撮,right_hand_two_string_family,右手指法-两弦双弹,COMP-151,sources/qxby_component_atlas/images/rh_two_string_double_pluck/COMP-151_反撮.png,,,false,category_based_v0_2 primary ID; source image not rewritten
COMP-208,大撮,right_hand_two_string_family,右手指法-两弦双弹,COMP-152,sources/qxby_component_atlas/images/rh_two_string_double_pluck/COMP-152_大撮.png,,,false,category_based_v0_2 primary ID; source image not rewritten
COMP-209,如一,right_hand_two_string_family,右手指法-两弦双弹,COMP-153,sources/qxby_component_atlas/images/rh_two_string_double_pluck/COMP-153_如一.png,COMP-032,COMP-032:two_string_double_action_label_alias,true,category_based_v0_2 primary ID; source image not rewritten
COMP-210,弹,right_hand_two_string_family,右手指法-两弦双弹,COMP-154,sources/qxby_component_atlas/images/rh_two_string_double_pluck/COMP-154_弹.png,,,false,category_based_v0_2 primary ID; source image not rewritten
COMP-211,掐撮三声,right_hand_two_string_family,右手指法-两弦双弹,COMP-155,sources/qxby_component_atlas/images/rh_two_string_double_pluck/COMP-155_掐撮三声.png,,,false,category_based_v0_2 primary ID; source image not rewritten
COMP-212,掐泼剌三声,right_hand_two_string_family,右手指法-两弦双弹,COMP-156,sources/qxby_component_atlas/images/rh_two_string_double_pluck/COMP-156_掐泼剌三声.png,,,false,category_based_v0_2 primary ID; source image not rewritten
COMP-213,搂圆,right_hand_two_string_family,右手指法-两弦双弹,COMP-157,sources/qxby_component_atlas/images/rh_two_string_double_pluck/COMP-157_搂圆.png,,,false,category_based_v0_2 primary ID; source image not rewritten
COMP-214,摘泼剌,right_hand_two_string_family,右手指法-两弦双弹,COMP-158,sources/qxby_component_atlas/images/rh_two_string_double_pluck/COMP-158_摘泼剌.png,,,false,category_based_v0_2 primary ID; source image not rewritten
COMP-215,撮,right_hand_two_string_family,右手指法-两弦双弹,COMP-159,sources/qxby_component_atlas/images/rh_two_string_double_pluck/COMP-159_撮.png,,,false,category_based_v0_2 primary ID; source image not rewritten
COMP-216,泼,right_hand_two_string_family,右手指法-两弦双弹,COMP-160,sources/qxby_component_atlas/images/rh_two_string_double_pluck/COMP-160_泼.png,,,false,category_based_v0_2 primary ID; source image not rewritten
COMP-217,泼剌,right_hand_two_string_family,右手指法-两弦双弹,COMP-161,sources/qxby_component_atlas/images/rh_two_string_double_pluck/COMP-161_泼剌.png,,,false,category_based_v0_2 primary ID; source image not rewritten
COMP-301,临,right_hand_multi_string_family,右手指法-数弦连弹,COMP-162,sources/qxby_component_atlas/images/rh_multi_string_sequence/COMP-162_临.png,,,false,category_based_v0_2 primary ID; source image not rewritten
COMP-302,历,right_hand_multi_string_family,右手指法-数弦连弹,COMP-163,sources/qxby_component_atlas/images/rh_multi_string_sequence/COMP-163_历.png,COMP-014,,false,category_based_v0_2 primary ID; source image not rewritten
COMP-303,大间勾,right_hand_multi_string_family,右手指法-数弦连弹,COMP-164,sources/qxby_component_atlas/images/rh_multi_string_sequence/COMP-164_大间勾.png,,,false,category_based_v0_2 primary ID; source image not rewritten
COMP-304,小间勾,right_hand_multi_string_family,右手指法-数弦连弹,COMP-165,sources/qxby_component_atlas/images/rh_multi_string_sequence/COMP-165_小间勾.png,,,false,category_based_v0_2 primary ID; source image not rewritten
COMP-305,打圆,right_hand_multi_string_family,右手指法-数弦连弹,COMP-166,sources/qxby_component_atlas/images/rh_multi_string_sequence/COMP-166_打圆.png,,,false,category_based_v0_2 primary ID; source image not rewritten
COMP-306,拂,right_hand_multi_string_family,右手指法-数弦连弹,COMP-167,sources/qxby_component_atlas/images/rh_multi_string_sequence/COMP-167_拂.png,,,false,category_based_v0_2 primary ID; source image not rewritten
COMP-307,滚,right_hand_multi_string_family,右手指法-数弦连弹,COMP-168,sources/qxby_component_atlas/images/rh_multi_string_sequence/COMP-168_滚.png,,,false,category_based_v0_2 primary ID; source image not rewritten
COMP-308,滚拂,right_hand_multi_string_family,右手指法-数弦连弹,COMP-169,sources/qxby_component_atlas/images/rh_multi_string_sequence/COMP-169_滚拂.png,,,false,category_based_v0_2 primary ID; source image not rewritten
COMP-309,索铃,right_hand_multi_string_family,右手指法-数弦连弹,COMP-170,sources/qxby_component_atlas/images/rh_multi_string_sequence/COMP-170_索铃.png,,,false,category_based_v0_2 primary ID; source image not rewritten
COMP-101,倒锁,right_hand_single_string_family,右手指法-一弦单弹,COMP-171,sources/qxby_component_atlas/images/rh_single_string_pluck/COMP-171_倒锁.png,,,false,category_based_v0_2 primary ID; source image not rewritten
COMP-102,剔,right_hand_single_string_family,右手指法-一弦单弹,COMP-172,sources/qxby_component_atlas/images/rh_single_string_pluck/COMP-172_剔.png,COMP-037,,false,category_based_v0_2 primary ID; source image not rewritten
COMP-103,勾,right_hand_single_string_family,右手指法-一弦单弹,COMP-173,sources/qxby_component_atlas/images/rh_single_string_pluck/COMP-173_勾.png,COMP-020,,false,category_based_v0_2 primary ID; source image not rewritten
COMP-104,勾剔,right_hand_single_string_family,右手指法-一弦单弹,COMP-174,sources/qxby_component_atlas/images/rh_single_string_pluck/COMP-174_勾剔.png,,,false,category_based_v0_2 primary ID; source image not rewritten
COMP-105,半轮,right_hand_single_string_family,右手指法-一弦单弹,COMP-175,sources/qxby_component_atlas/images/rh_single_string_pluck/COMP-175_半轮.png,,,false,category_based_v0_2 primary ID; source image not rewritten
COMP-106,反锁,right_hand_single_string_family,右手指法-一弦单弹,COMP-176,sources/qxby_component_atlas/images/rh_single_string_pluck/COMP-176_反锁.png,,,false,category_based_v0_2 primary ID; source image not rewritten
COMP-107,叠涓,right_hand_single_string_family,右手指法-一弦单弹,COMP-177,sources/qxby_component_atlas/images/rh_single_string_pluck/COMP-177_叠涓.png,,,false,category_based_v0_2 primary ID; source image not rewritten
COMP-108,大锁,right_hand_single_string_family,右手指法-一弦单弹,COMP-178,sources/qxby_component_atlas/images/rh_single_string_pluck/COMP-178_大锁.png,,,false,category_based_v0_2 primary ID; source image not rewritten
COMP-109,小锁,right_hand_single_string_family,右手指法-一弦单弹,COMP-179,sources/qxby_component_atlas/images/rh_single_string_pluck/COMP-179_小锁.png,,,false,category_based_v0_2 primary ID; source image not rewritten
COMP-110,打,right_hand_single_string_family,右手指法-一弦单弹,COMP-180,sources/qxby_component_atlas/images/rh_single_string_pluck/COMP-180_打.png,,,false,category_based_v0_2 primary ID; source image not rewritten
COMP-111,打摘,right_hand_single_string_family,右手指法-一弦单弹,COMP-181,sources/qxby_component_atlas/images/rh_single_string_pluck/COMP-181_打摘.png,,,false,category_based_v0_2 primary ID; source image not rewritten
COMP-112,托,right_hand_single_string_family,右手指法-一弦单弹,COMP-182,sources/qxby_component_atlas/images/rh_single_string_pluck/COMP-182_托.png,COMP-001,,false,category_based_v0_2 primary ID; source image not rewritten
COMP-113,抹,right_hand_single_string_family,右手指法-一弦单弹,COMP-183,sources/qxby_component_atlas/images/rh_single_string_pluck/COMP-183_抹.png,,,false,category_based_v0_2 primary ID; source image not rewritten
COMP-114,抹勾,right_hand_single_string_family,右手指法-一弦单弹,COMP-184,sources/qxby_component_atlas/images/rh_single_string_pluck/COMP-184_抹勾.png,,,false,category_based_v0_2 primary ID; source image not rewritten
COMP-115,抹挑,right_hand_single_string_family,右手指法-一弦单弹,COMP-185,sources/qxby_component_atlas/images/rh_single_string_pluck/COMP-185_抹挑.png,COMP-031,,false,category_based_v0_2 primary ID; source image not rewritten
COMP-116,挑,right_hand_single_string_family,右手指法-一弦单弹,COMP-186,sources/qxby_component_atlas/images/rh_single_string_pluck/COMP-186_挑.png,COMP-018,,false,category_based_v0_2 primary ID; source image not rewritten
COMP-117,摘,right_hand_single_string_family,右手指法-一弦单弹,COMP-187,sources/qxby_component_atlas/images/rh_single_string_pluck/COMP-187_摘.png,,,false,category_based_v0_2 primary ID; source image not rewritten
COMP-118,擘,right_hand_single_string_family,右手指法-一弦单弹,COMP-188,sources/qxby_component_atlas/images/rh_single_string_pluck/COMP-188_擘.png,,,false,category_based_v0_2 primary ID; source image not rewritten
COMP-119,短锁,right_hand_single_string_family,右手指法-一弦单弹,COMP-189,sources/qxby_component_atlas/images/rh_single_string_pluck/COMP-189_短锁.png,,,false,category_based_v0_2 primary ID; source image not rewritten
COMP-120,背锁,right_hand_single_string_family,右手指法-一弦单弹,COMP-190,sources/qxby_component_atlas/images/rh_single_string_pluck/COMP-190_背锁.png,COMP-021,,false,category_based_v0_2 primary ID; source image not rewritten
COMP-121,轮,right_hand_single_string_family,右手指法-一弦单弹,COMP-191,sources/qxby_component_atlas/images/rh_single_string_pluck/COMP-191_轮.png,COMP-029,,false,category_based_v0_2 primary ID; source image not rewritten
COMP-122,锁,right_hand_single_string_family,右手指法-一弦单弹,COMP-192,sources/qxby_component_atlas/images/rh_single_string_pluck/COMP-192_锁.png,,,false,category_based_v0_2 primary ID; source image not rewritten
COMP-123,长锁,right_hand_single_string_family,右手指法-一弦单弹,COMP-193,sources/qxby_component_atlas/images/rh_single_string_pluck/COMP-193_长锁.png,,,false,category_based_v0_2 primary ID; source image not rewritten
COMP-401,双吟,left_hand_base_position_family,左手指法-本位取音,COMP-194,sources/qxby_component_atlas/images/lh_native_position/COMP-194_双吟.png,COMP-034,,false,category_based_v0_2 primary ID; source image not rewritten
COMP-402,双撞,left_hand_base_position_family,左手指法-本位取音,COMP-195,sources/qxby_component_atlas/images/lh_native_position/COMP-195_双撞.png,,,false,category_based_v0_2 primary ID; source image not rewritten
COMP-403,双猱,left_hand_base_position_family,左手指法-本位取音,COMP-196,sources/qxby_component_atlas/images/lh_native_position/COMP-196_双猱.png,,,false,category_based_v0_2 primary ID; source image not rewritten
COMP-404,反撞,left_hand_base_position_family,左手指法-本位取音,COMP-197,sources/qxby_component_atlas/images/lh_native_position/COMP-197_反撞.png,,,false,category_based_v0_2 primary ID; source image not rewritten
COMP-405,吟,left_hand_base_position_family,左手指法-本位取音,COMP-198,sources/qxby_component_atlas/images/lh_native_position/COMP-198_吟.png,COMP-010,,false,category_based_v0_2 primary ID; source image not rewritten
COMP-406,大吟,left_hand_base_position_family,左手指法-本位取音,COMP-199,sources/qxby_component_atlas/images/lh_native_position/COMP-199_大吟.png,,,false,category_based_v0_2 primary ID; source image not rewritten
COMP-407,大撞,left_hand_base_position_family,左手指法-本位取音,COMP-200,sources/qxby_component_atlas/images/lh_native_position/COMP-200_大撞.png,,,false,category_based_v0_2 primary ID; source image not rewritten
COMP-408,大猱,left_hand_base_position_family,左手指法-本位取音,COMP-201,sources/qxby_component_atlas/images/lh_native_position/COMP-201_大猱.png,,,false,category_based_v0_2 primary ID; source image not rewritten
COMP-409,定吟,left_hand_base_position_family,左手指法-本位取音,COMP-202,sources/qxby_component_atlas/images/lh_native_position/COMP-202_定吟.png,,,false,category_based_v0_2 primary ID; source image not rewritten
COMP-410,定猱,left_hand_base_position_family,左手指法-本位取音,COMP-203,sources/qxby_component_atlas/images/lh_native_position/COMP-203_定猱.png,,,false,category_based_v0_2 primary ID; source image not rewritten
COMP-411,小撞,left_hand_base_position_family,左手指法-本位取音,COMP-204,sources/qxby_component_atlas/images/lh_native_position/COMP-204_小撞.png,,,false,category_based_v0_2 primary ID; source image not rewritten
COMP-412,少吟,left_hand_base_position_family,左手指法-本位取音,COMP-205,sources/qxby_component_atlas/images/lh_native_position/COMP-205_少吟.png,,,false,category_based_v0_2 primary ID; source image not rewritten
COMP-413,少猱,left_hand_base_position_family,左手指法-本位取音,COMP-206,sources/qxby_component_atlas/images/lh_native_position/COMP-206_少猱.png,,,false,category_based_v0_2 primary ID; source image not rewritten
COMP-414,急吟,left_hand_base_position_family,左手指法-本位取音,COMP-207,sources/qxby_component_atlas/images/lh_native_position/COMP-207_急吟.png,,,false,category_based_v0_2 primary ID; source image not rewritten
COMP-415,急猱,left_hand_base_position_family,左手指法-本位取音,COMP-208,sources/qxby_component_atlas/images/lh_native_position/COMP-208_急猱.png,,,false,category_based_v0_2 primary ID; source image not rewritten
COMP-416,撞,left_hand_base_position_family,左手指法-本位取音,COMP-209,sources/qxby_component_atlas/images/lh_native_position/COMP-209_撞.png,COMP-028,,false,category_based_v0_2 primary ID; source image not rewritten
COMP-417,撞猱,left_hand_base_position_family,左手指法-本位取音,COMP-210,sources/qxby_component_atlas/images/lh_native_position/COMP-210_撞猱.png,,,false,category_based_v0_2 primary ID; source image not rewritten
COMP-418,注,left_hand_base_position_family,左手指法-本位取音,COMP-211,sources/qxby_component_atlas/images/lh_native_position/COMP-211_注.png,COMP-025,,false,category_based_v0_2 primary ID; source image not rewritten
COMP-419,注吟,left_hand_base_position_family,左手指法-本位取音,COMP-212,sources/qxby_component_atlas/images/lh_native_position/COMP-212_注吟.png,,,false,category_based_v0_2 primary ID; source image not rewritten
COMP-420,注猱,left_hand_base_position_family,左手指法-本位取音,COMP-213,sources/qxby_component_atlas/images/lh_native_position/COMP-213_注猱.png,,,false,category_based_v0_2 primary ID; source image not rewritten
COMP-421,猱,left_hand_base_position_family,左手指法-本位取音,COMP-214,sources/qxby_component_atlas/images/lh_native_position/COMP-214_猱.png,,,false,category_based_v0_2 primary ID; source image not rewritten
COMP-422,略吟,left_hand_base_position_family,左手指法-本位取音,COMP-215,sources/qxby_component_atlas/images/lh_native_position/COMP-215_略吟.png,,,false,category_based_v0_2 primary ID; source image not rewritten
COMP-423,略猱,left_hand_base_position_family,左手指法-本位取音,COMP-216,sources/qxby_component_atlas/images/lh_native_position/COMP-216_略猱.png,,,false,category_based_v0_2 primary ID; source image not rewritten
COMP-424,短吟,left_hand_base_position_family,左手指法-本位取音,COMP-217,sources/qxby_component_atlas/images/lh_native_position/COMP-217_短吟.png,,,false,category_based_v0_2 primary ID; source image not rewritten
COMP-425,短猱,left_hand_base_position_family,左手指法-本位取音,COMP-218,sources/qxby_component_atlas/images/lh_native_position/COMP-218_短猱.png,,,false,category_based_v0_2 primary ID; source image not rewritten
COMP-426,绰,left_hand_base_position_family,左手指法-本位取音,COMP-219,sources/qxby_component_atlas/images/lh_native_position/COMP-219_绰.png,COMP-033,,false,category_based_v0_2 primary ID; source image not rewritten
COMP-427,绰吟,left_hand_base_position_family,左手指法-本位取音,COMP-220,sources/qxby_component_atlas/images/lh_native_position/COMP-220_绰吟.png,,,false,category_based_v0_2 primary ID; source image not rewritten
COMP-428,绰猱,left_hand_base_position_family,左手指法-本位取音,COMP-221,sources/qxby_component_atlas/images/lh_native_position/COMP-221_绰猱.png,,,false,category_based_v0_2 primary ID; source image not rewritten
COMP-429,缓吟,left_hand_base_position_family,左手指法-本位取音,COMP-222,sources/qxby_component_atlas/images/lh_native_position/COMP-222_缓吟.png,,,false,category_based_v0_2 primary ID; source image not rewritten
COMP-430,缓急吟,left_hand_base_position_family,左手指法-本位取音,COMP-223,sources/qxby_component_atlas/images/lh_native_position/COMP-223_缓急吟.png,,,false,category_based_v0_2 primary ID; source image not rewritten
COMP-431,缓急猱,left_hand_base_position_family,左手指法-本位取音,COMP-224,sources/qxby_component_atlas/images/lh_native_position/COMP-224_缓急猱.png,,,false,category_based_v0_2 primary ID; source image not rewritten
COMP-432,缓猱,left_hand_base_position_family,左手指法-本位取音,COMP-225,sources/qxby_component_atlas/images/lh_native_position/COMP-225_缓猱.png,,,false,category_based_v0_2 primary ID; source image not rewritten
COMP-433,落指吟,left_hand_base_position_family,左手指法-本位取音,COMP-226,sources/qxby_component_atlas/images/lh_native_position/COMP-226_落指吟.png,,,false,category_based_v0_2 primary ID; source image not rewritten
COMP-434,落指猱,left_hand_base_position_family,左手指法-本位取音,COMP-227,sources/qxby_component_atlas/images/lh_native_position/COMP-227_落指猱.png,COMP-035,,false,category_based_v0_2 primary ID; source image not rewritten
COMP-435,迎猱,left_hand_base_position_family,左手指法-本位取音,COMP-228,sources/qxby_component_atlas/images/lh_native_position/COMP-228_迎猱.png,,,false,category_based_v0_2 primary ID; source image not rewritten
COMP-436,逗,left_hand_base_position_family,左手指法-本位取音,COMP-229,sources/qxby_component_atlas/images/lh_native_position/COMP-229_逗.png,,,false,category_based_v0_2 primary ID; source image not rewritten
COMP-437,长吟,left_hand_base_position_family,左手指法-本位取音,COMP-230,sources/qxby_component_atlas/images/lh_native_position/COMP-230_长吟.png,,,false,category_based_v0_2 primary ID; source image not rewritten
COMP-438,长猱,left_hand_base_position_family,左手指法-本位取音,COMP-231,sources/qxby_component_atlas/images/lh_native_position/COMP-231_长猱.png,,,false,category_based_v0_2 primary ID; source image not rewritten
COMP-501,上,left_hand_interval_position_family,左手指法-隔位取音,COMP-232,sources/qxby_component_atlas/images/lh_shifted_position/COMP-232_上.png,COMP-026,,false,category_based_v0_2 primary ID; source image not rewritten
COMP-502,下,left_hand_interval_position_family,左手指法-隔位取音,COMP-233,sources/qxby_component_atlas/images/lh_shifted_position/COMP-233_下.png,,,false,category_based_v0_2 primary ID; source image not rewritten
COMP-503,使,left_hand_interval_position_family,左手指法-隔位取音,COMP-234,sources/qxby_component_atlas/images/lh_shifted_position/COMP-234_使.png,,,false,category_based_v0_2 primary ID; source image not rewritten
COMP-504,分开,left_hand_interval_position_family,左手指法-隔位取音,COMP-235,sources/qxby_component_atlas/images/lh_shifted_position/COMP-235_分开.png,,,false,category_based_v0_2 primary ID; source image not rewritten
COMP-505,分开吟,left_hand_interval_position_family,左手指法-隔位取音,COMP-236,sources/qxby_component_atlas/images/lh_shifted_position/COMP-236_分开吟.png,,,false,category_based_v0_2 primary ID; source image not rewritten
COMP-506,唤,left_hand_interval_position_family,左手指法-隔位取音,COMP-237,sources/qxby_component_atlas/images/lh_shifted_position/COMP-237_唤.png,,,false,category_based_v0_2 primary ID; source image not rewritten
COMP-507,大往来,left_hand_interval_position_family,左手指法-隔位取音,COMP-238,sources/qxby_component_atlas/images/lh_shifted_position/COMP-238_大往来.png,,,false,category_based_v0_2 primary ID; source image not rewritten
COMP-508,对按,left_hand_interval_position_family,左手指法-隔位取音,COMP-239,sources/qxby_component_atlas/images/lh_shifted_position/COMP-239_对按.png,,,false,category_based_v0_2 primary ID; source image not rewritten
COMP-509,对起,left_hand_interval_position_family,左手指法-隔位取音,COMP-240,sources/qxby_component_atlas/images/lh_shifted_position/COMP-240_对起.png,,,false,category_based_v0_2 primary ID; source image not rewritten
COMP-510,小往来,left_hand_interval_position_family,左手指法-隔位取音,COMP-241,sources/qxby_component_atlas/images/lh_shifted_position/COMP-241_小往来.png,,,false,category_based_v0_2 primary ID; source image not rewritten
COMP-511,应合,left_hand_interval_position_family,左手指法-隔位取音,COMP-242,sources/qxby_component_atlas/images/lh_shifted_position/COMP-242_应合.png,,,false,category_based_v0_2 primary ID; source image not rewritten
COMP-512,往来,left_hand_interval_position_family,左手指法-隔位取音,COMP-243,sources/qxby_component_atlas/images/lh_shifted_position/COMP-243_往来.png,,,false,category_based_v0_2 primary ID; source image not rewritten
COMP-513,往来吟,left_hand_interval_position_family,左手指法-隔位取音,COMP-244,sources/qxby_component_atlas/images/lh_shifted_position/COMP-244_往来吟.png,,,false,category_based_v0_2 primary ID; source image not rewritten
COMP-514,拖,left_hand_interval_position_family,左手指法-隔位取音,COMP-245,sources/qxby_component_atlas/images/lh_shifted_position/COMP-245_拖.png,,,false,category_based_v0_2 primary ID; source image not rewritten
COMP-515,掐起,left_hand_interval_position_family,左手指法-隔位取音,COMP-246,sources/qxby_component_atlas/images/lh_shifted_position/COMP-246_掐起.png,COMP-022,,false,category_based_v0_2 primary ID; source image not rewritten
COMP-516,掩,left_hand_interval_position_family,左手指法-隔位取音,COMP-247,sources/qxby_component_atlas/images/lh_shifted_position/COMP-247_掩.png,COMP-036,,false,category_based_v0_2 primary ID; source image not rewritten
COMP-517,注下,left_hand_interval_position_family,左手指法-隔位取音,COMP-248,sources/qxby_component_atlas/images/lh_shifted_position/COMP-248_注下.png,,,false,category_based_v0_2 primary ID; source image not rewritten
COMP-518,浒上,left_hand_interval_position_family,左手指法-隔位取音,COMP-249,sources/qxby_component_atlas/images/lh_shifted_position/COMP-249_浒上.png,,,false,category_based_v0_2 primary ID; source image not rewritten
COMP-519,淌下,left_hand_interval_position_family,左手指法-隔位取音,COMP-250,sources/qxby_component_atlas/images/lh_shifted_position/COMP-250_淌下.png,,,false,category_based_v0_2 primary ID; source image not rewritten
COMP-520,淌吟,left_hand_interval_position_family,左手指法-隔位取音,COMP-251,sources/qxby_component_atlas/images/lh_shifted_position/COMP-251_淌吟.png,,,false,category_based_v0_2 primary ID; source image not rewritten
COMP-521,游吟,left_hand_interval_position_family,左手指法-隔位取音,COMP-252,sources/qxby_component_atlas/images/lh_shifted_position/COMP-252_游吟.png,,,false,category_based_v0_2 primary ID; source image not rewritten
COMP-522,硬上,left_hand_interval_position_family,左手指法-隔位取音,COMP-253,sources/qxby_component_atlas/images/lh_shifted_position/COMP-253_硬上.png,,,false,category_based_v0_2 primary ID; source image not rewritten
COMP-523,绰上,left_hand_interval_position_family,左手指法-隔位取音,COMP-254,sources/qxby_component_atlas/images/lh_shifted_position/COMP-254_绰上.png,,,false,category_based_v0_2 primary ID; source image not rewritten
COMP-524,荡猱,left_hand_interval_position_family,左手指法-隔位取音,COMP-255,sources/qxby_component_atlas/images/lh_shifted_position/COMP-255_荡猱.png,,,false,category_based_v0_2 primary ID; source image not rewritten
COMP-525,虚撞,left_hand_interval_position_family,左手指法-隔位取音,COMP-256,sources/qxby_component_atlas/images/lh_shifted_position/COMP-256_虚撞.png,,,false,category_based_v0_2 primary ID; source image not rewritten
COMP-526,进吟,left_hand_interval_position_family,左手指法-隔位取音,COMP-257,sources/qxby_component_atlas/images/lh_shifted_position/COMP-257_进吟.png,,,false,category_based_v0_2 primary ID; source image not rewritten
COMP-527,进复,left_hand_interval_position_family,左手指法-隔位取音,COMP-258,sources/qxby_component_atlas/images/lh_shifted_position/COMP-258_进复.png,COMP-024,,false,category_based_v0_2 primary ID; source image not rewritten
COMP-528,进猱,left_hand_interval_position_family,左手指法-隔位取音,COMP-259,sources/qxby_component_atlas/images/lh_shifted_position/COMP-259_进猱.png,,,false,category_based_v0_2 primary ID; source image not rewritten
COMP-529,退吟,left_hand_interval_position_family,左手指法-隔位取音,COMP-260,sources/qxby_component_atlas/images/lh_shifted_position/COMP-260_退吟.png,,,false,category_based_v0_2 primary ID; source image not rewritten
COMP-530,退复,left_hand_interval_position_family,左手指法-隔位取音,COMP-261,sources/qxby_component_atlas/images/lh_shifted_position/COMP-261_退复.png,,,false,category_based_v0_2 primary ID; source image not rewritten
COMP-531,退猱,left_hand_interval_position_family,左手指法-隔位取音,COMP-262,sources/qxby_component_atlas/images/lh_shifted_position/COMP-262_退猱.png,,,false,category_based_v0_2 primary ID; source image not rewritten
COMP-532,飞,left_hand_interval_position_family,左手指法-隔位取音,COMP-263,sources/qxby_component_atlas/images/lh_shifted_position/COMP-263_飞.png,,,false,category_based_v0_2 primary ID; source image not rewritten
COMP-533,飞吟,left_hand_interval_position_family,左手指法-隔位取音,COMP-264,sources/qxby_component_atlas/images/lh_shifted_position/COMP-264_飞吟.png,,,false,category_based_v0_2 primary ID; source image not rewritten
COMP-601,同声,left_hand_open_string_family,左手指法-散弦取音,COMP-265,sources/qxby_component_atlas/images/lh_open_string/COMP-265_同声.png,,,false,category_based_v0_2 primary ID; source image not rewritten
COMP-602,同起,left_hand_open_string_family,左手指法-散弦取音,COMP-266,sources/qxby_component_atlas/images/lh_open_string/COMP-266_同起.png,,,false,category_based_v0_2 primary ID; source image not rewritten
COMP-603,带合,left_hand_open_string_family,左手指法-散弦取音,COMP-267,sources/qxby_component_atlas/images/lh_open_string/COMP-267_带合.png,,,false,category_based_v0_2 primary ID; source image not rewritten
COMP-604,带起,left_hand_open_string_family,左手指法-散弦取音,COMP-268,sources/qxby_component_atlas/images/lh_open_string/COMP-268_带起.png,,,false,category_based_v0_2 primary ID; source image not rewritten
COMP-605,推出,left_hand_open_string_family,左手指法-散弦取音,COMP-269,sources/qxby_component_atlas/images/lh_open_string/COMP-269_推出.png,,,false,category_based_v0_2 primary ID; source image not rewritten
COMP-606,撇起,left_hand_open_string_family,左手指法-散弦取音,COMP-270,sources/qxby_component_atlas/images/lh_open_string/COMP-270_撇起.png,,,false,category_based_v0_2 primary ID; source image not rewritten
COMP-607,放合,left_hand_open_string_family,左手指法-散弦取音,COMP-271,sources/qxby_component_atlas/images/lh_open_string/COMP-271_放合.png,,,false,category_based_v0_2 primary ID; source image not rewritten
COMP-608,爪合,left_hand_open_string_family,左手指法-散弦取音,COMP-272,sources/qxby_component_atlas/images/lh_open_string/COMP-272_爪合.png,,,false,category_based_v0_2 primary ID; source image not rewritten
COMP-609,爪起,left_hand_open_string_family,左手指法-散弦取音,COMP-273,sources/qxby_component_atlas/images/lh_open_string/COMP-273_爪起.png,COMP-019,,false,category_based_v0_2 primary ID; source image not rewritten
COMP-081,一,numeric_component_family,auxiliary_numeric_components,,,COMP-009,,false,auxiliary_normalized_component; source image reference not copied to repo
COMP-082,二,numeric_component_family,auxiliary_numeric_components,,,COMP-015,,false,auxiliary_normalized_component; source image reference not copied to repo
COMP-083,三,numeric_component_family,auxiliary_numeric_components,,,COMP-016,,false,auxiliary_normalized_component; source image reference not copied to repo
COMP-084,四,numeric_component_family,auxiliary_numeric_components,,,COMP-011,,false,auxiliary_normalized_component; source image reference not copied to repo
COMP-085,五,numeric_component_family,auxiliary_numeric_components,,,COMP-004,,false,auxiliary_normalized_component; source image reference not copied to repo
COMP-086,六,numeric_component_family,auxiliary_numeric_components,,,COMP-006,,false,auxiliary_normalized_component; source image reference not copied to repo
COMP-087,七,numeric_component_family,auxiliary_numeric_components,,,COMP-007,,false,auxiliary_normalized_component; source image reference not copied to repo
COMP-091,大指,left_finger_name_family,auxiliary_left_finger_names,,,COMP-012,,false,auxiliary_normalized_component; source image reference not copied to repo
COMP-092,食指,left_finger_name_family,auxiliary_left_finger_names,,,,,false,auxiliary_normalized_component; source image reference not copied to repo
COMP-093,中指,left_finger_name_family,auxiliary_left_finger_names,,,COMP-013,,false,auxiliary_normalized_component; source image reference not copied to repo
COMP-094,名指,left_finger_name_family,auxiliary_left_finger_names,,,COMP-008,,false,auxiliary_normalized_component; source image reference not copied to repo
COMP-095,跪指,left_finger_name_family,auxiliary_left_finger_names,,,,,false,auxiliary_normalized_component; source image reference not copied to repo
