recording_session_id,recording_id,piece_id,qinist_id,batch_id,recording_take_no,marker_id,marker_type,time_s,source,review_status,review_only,production_grade,updated_at,file_id,batch_take_no,script_id,unit_id,source_raw_audio,source_audio,take_id,event_id,event_range,gesture_id,expected_sample_type,unit_status,marker_label_zh,confidence,nudge_total_ms,notes,training_value_class,not_sample_assets
RS_XWC_002_BAIYA_PILOT,RS_XWC_002,XWC,QINIST_002,batch04,T031,T031:slate_start,slate_start,0.000,asr_candidate,accepted,true,false,2026-06-19T11:22:07.699471+00:00,UUlOSVNUXzAwMi9YV0MvUlNfWFdDXzAwMl9CQUlZQV9QSUxPVC9yYXcvUlNfWFdDXzAwMl9CQUlZQV9QSUxPVF9iYXRjaDA0X1QwMzEtVDA0MC53YXY,001,RS_XWC_002_031,T031,02_recordings/raw_audio/QINIST_002/XWC/RS_XWC_002_BAIYA_PILOT/raw/RS_XWC_002_BAIYA_PILOT_batch04_T031-T040.wav,02_recordings/raw_audio/QINIST_002/XWC/RS_XWC_002_BAIYA_PILOT/raw/RS_XWC_002_BAIYA_PILOT_batch04_T031-T040.wav,T031,,,,,confirmed,口播起始,0.70526,0,,review_only_boundary_draft,true
RS_XWC_002_BAIYA_PILOT,RS_XWC_002,XWC,QINIST_002,batch04,T031,T031:slate_end,slate_end,3.000,asr_candidate,accepted,true,false,2026-06-19T11:22:07.699471+00:00,UUlOSVNUXzAwMi9YV0MvUlNfWFdDXzAwMl9CQUlZQV9QSUxPVC9yYXcvUlNfWFdDXzAwMl9CQUlZQV9QSUxPVF9iYXRjaDA0X1QwMzEtVDA0MC53YXY,001,RS_XWC_002_031,T031,02_recordings/raw_audio/QINIST_002/XWC/RS_XWC_002_BAIYA_PILOT/raw/RS_XWC_002_BAIYA_PILOT_batch04_T031-T040.wav,02_recordings/raw_audio/QINIST_002/XWC/RS_XWC_002_BAIYA_PILOT/raw/RS_XWC_002_BAIYA_PILOT_batch04_T031-T040.wav,T031,,,,,confirmed,口播结束,0.70526,0,,review_only_boundary_draft,true
RS_XWC_002_BAIYA_PILOT,RS_XWC_002,XWC,QINIST_002,batch04,T031,T031:next_slate_start,next_slate_start,10.240,asr_candidate,accepted,true,false,2026-06-19T11:22:07.699471+00:00,UUlOSVNUXzAwMi9YV0MvUlNfWFdDXzAwMl9CQUlZQV9QSUxPVC9yYXcvUlNfWFdDXzAwMl9CQUlZQV9QSUxPVF9iYXRjaDA0X1QwMzEtVDA0MC53YXY,001,RS_XWC_002_031,T031,02_recordings/raw_audio/QINIST_002/XWC/RS_XWC_002_BAIYA_PILOT/raw/RS_XWC_002_BAIYA_PILOT_batch04_T031-T040.wav,02_recordings/raw_audio/QINIST_002/XWC/RS_XWC_002_BAIYA_PILOT/raw/RS_XWC_002_BAIYA_PILOT_batch04_T031-T040.wav,T031,,,,,confirmed,下一口播起始,0.70526,-1900,,review_only_boundary_draft,true
RS_XWC_002_BAIYA_PILOT,RS_XWC_002,XWC,QINIST_002,batch04,T032,T032:slate_start,slate_start,10.500,asr_candidate,accepted,true,false,2026-06-19T11:22:07.699471+00:00,UUlOSVNUXzAwMi9YV0MvUlNfWFdDXzAwMl9CQUlZQV9QSUxPVC9yYXcvUlNfWFdDXzAwMl9CQUlZQV9QSUxPVF9iYXRjaDA0X1QwMzEtVDA0MC53YXY,002,RS_XWC_002_032,T032,02_recordings/raw_audio/QINIST_002/XWC/RS_XWC_002_BAIYA_PILOT/raw/RS_XWC_002_BAIYA_PILOT_batch04_T031-T040.wav,02_recordings/raw_audio/QINIST_002/XWC/RS_XWC_002_BAIYA_PILOT/raw/RS_XWC_002_BAIYA_PILOT_batch04_T031-T040.wav,T032,,,,,confirmed,口播起始,0.879847,-1640,,review_only_boundary_draft,true
RS_XWC_002_BAIYA_PILOT,RS_XWC_002,XWC,QINIST_002,batch04,T032,T032:slate_end,slate_end,14.790,asr_candidate,accepted,true,false,2026-06-19T11:22:07.699471+00:00,UUlOSVNUXzAwMi9YV0MvUlNfWFdDXzAwMl9CQUlZQV9QSUxPVC9yYXcvUlNfWFdDXzAwMl9CQUlZQV9QSUxPVF9iYXRjaDA0X1QwMzEtVDA0MC53YXY,002,RS_XWC_002_032,T032,02_recordings/raw_audio/QINIST_002/XWC/RS_XWC_002_BAIYA_PILOT/raw/RS_XWC_002_BAIYA_PILOT_batch04_T031-T040.wav,02_recordings/raw_audio/QINIST_002/XWC/RS_XWC_002_BAIYA_PILOT/raw/RS_XWC_002_BAIYA_PILOT_batch04_T031-T040.wav,T032,,,,,confirmed,口播结束,0.879847,-150,,review_only_boundary_draft,true
RS_XWC_002_BAIYA_PILOT,RS_XWC_002,XWC,QINIST_002,batch04,T032,T032:next_slate_start,next_slate_start,21.640,asr_candidate,accepted,true,false,2026-06-19T11:22:07.699471+00:00,UUlOSVNUXzAwMi9YV0MvUlNfWFdDXzAwMl9CQUlZQV9QSUxPVC9yYXcvUlNfWFdDXzAwMl9CQUlZQV9QSUxPVF9iYXRjaDA0X1QwMzEtVDA0MC53YXY,002,RS_XWC_002_032,T032,02_recordings/raw_audio/QINIST_002/XWC/RS_XWC_002_BAIYA_PILOT/raw/RS_XWC_002_BAIYA_PILOT_batch04_T031-T040.wav,02_recordings/raw_audio/QINIST_002/XWC/RS_XWC_002_BAIYA_PILOT/raw/RS_XWC_002_BAIYA_PILOT_batch04_T031-T040.wav,T032,,,,,confirmed,下一口播起始,0.879847,0,,review_only_boundary_draft,true
RS_XWC_002_BAIYA_PILOT,RS_XWC_002,XWC,QINIST_002,batch04,T033,T033:slate_start,slate_start,21.640,asr_candidate,accepted,true,false,2026-06-19T11:22:07.699471+00:00,UUlOSVNUXzAwMi9YV0MvUlNfWFdDXzAwMl9CQUlZQV9QSUxPVC9yYXcvUlNfWFdDXzAwMl9CQUlZQV9QSUxPVF9iYXRjaDA0X1QwMzEtVDA0MC53YXY,003,RS_XWC_002_033,T033,02_recordings/raw_audio/QINIST_002/XWC/RS_XWC_002_BAIYA_PILOT/raw/RS_XWC_002_BAIYA_PILOT_batch04_T031-T040.wav,02_recordings/raw_audio/QINIST_002/XWC/RS_XWC_002_BAIYA_PILOT/raw/RS_XWC_002_BAIYA_PILOT_batch04_T031-T040.wav,T033,,,,,confirmed,口播起始,0.814782,0,,review_only_boundary_draft,true
RS_XWC_002_BAIYA_PILOT,RS_XWC_002,XWC,QINIST_002,batch04,T033,T033:slate_end,slate_end,23.840,asr_candidate,accepted,true,false,2026-06-19T11:22:07.699471+00:00,UUlOSVNUXzAwMi9YV0MvUlNfWFdDXzAwMl9CQUlZQV9QSUxPVC9yYXcvUlNfWFdDXzAwMl9CQUlZQV9QSUxPVF9iYXRjaDA0X1QwMzEtVDA0MC53YXY,003,RS_XWC_002_033,T033,02_recordings/raw_audio/QINIST_002/XWC/RS_XWC_002_BAIYA_PILOT/raw/RS_XWC_002_BAIYA_PILOT_batch04_T031-T040.wav,02_recordings/raw_audio/QINIST_002/XWC/RS_XWC_002_BAIYA_PILOT/raw/RS_XWC_002_BAIYA_PILOT_batch04_T031-T040.wav,T033,,,,,confirmed,口播结束,0.814782,0,,review_only_boundary_draft,true
RS_XWC_002_BAIYA_PILOT,RS_XWC_002,XWC,QINIST_002,batch04,T033,T033:next_slate_start,next_slate_start,30.930,asr_candidate,accepted,true,false,2026-06-19T11:22:07.699471+00:00,UUlOSVNUXzAwMi9YV0MvUlNfWFdDXzAwMl9CQUlZQV9QSUxPVC9yYXcvUlNfWFdDXzAwMl9CQUlZQV9QSUxPVF9iYXRjaDA0X1QwMzEtVDA0MC53YXY,003,RS_XWC_002_033,T033,02_recordings/raw_audio/QINIST_002/XWC/RS_XWC_002_BAIYA_PILOT/raw/RS_XWC_002_BAIYA_PILOT_batch04_T031-T040.wav,02_recordings/raw_audio/QINIST_002/XWC/RS_XWC_002_BAIYA_PILOT/raw/RS_XWC_002_BAIYA_PILOT_batch04_T031-T040.wav,T033,,,,,confirmed,下一口播起始,0.814782,-3350,,review_only_boundary_draft,true
RS_XWC_002_BAIYA_PILOT,RS_XWC_002,XWC,QINIST_002,batch04,T034,T034:slate_start,slate_start,30.980,asr_candidate,accepted,true,false,2026-06-19T11:22:07.699471+00:00,UUlOSVNUXzAwMi9YV0MvUlNfWFdDXzAwMl9CQUlZQV9QSUxPVC9yYXcvUlNfWFdDXzAwMl9CQUlZQV9QSUxPVF9iYXRjaDA0X1QwMzEtVDA0MC53YXY,004,RS_XWC_002_034,T034,02_recordings/raw_audio/QINIST_002/XWC/RS_XWC_002_BAIYA_PILOT/raw/RS_XWC_002_BAIYA_PILOT_batch04_T031-T040.wav,02_recordings/raw_audio/QINIST_002/XWC/RS_XWC_002_BAIYA_PILOT/raw/RS_XWC_002_BAIYA_PILOT_batch04_T031-T040.wav,T034,,,,,confirmed,口播起始,0.554058,-3300,,review_only_boundary_draft,true
RS_XWC_002_BAIYA_PILOT,RS_XWC_002,XWC,QINIST_002,batch04,T034,T034:slate_end,slate_end,33.580,asr_candidate,accepted,true,false,2026-06-19T11:22:07.699471+00:00,UUlOSVNUXzAwMi9YV0MvUlNfWFdDXzAwMl9CQUlZQV9QSUxPVC9yYXcvUlNfWFdDXzAwMl9CQUlZQV9QSUxPVF9iYXRjaDA0X1QwMzEtVDA0MC53YXY,004,RS_XWC_002_034,T034,02_recordings/raw_audio/QINIST_002/XWC/RS_XWC_002_BAIYA_PILOT/raw/RS_XWC_002_BAIYA_PILOT_batch04_T031-T040.wav,02_recordings/raw_audio/QINIST_002/XWC/RS_XWC_002_BAIYA_PILOT/raw/RS_XWC_002_BAIYA_PILOT_batch04_T031-T040.wav,T034,,,,,confirmed,口播结束,0.554058,-3500,,review_only_boundary_draft,true
RS_XWC_002_BAIYA_PILOT,RS_XWC_002,XWC,QINIST_002,batch04,T034,T034:next_slate_start,next_slate_start,40.650,asr_candidate,accepted,true,false,2026-06-19T11:22:07.699471+00:00,UUlOSVNUXzAwMi9YV0MvUlNfWFdDXzAwMl9CQUlZQV9QSUxPVC9yYXcvUlNfWFdDXzAwMl9CQUlZQV9QSUxPVF9iYXRjaDA0X1QwMzEtVDA0MC53YXY,004,RS_XWC_002_034,T034,02_recordings/raw_audio/QINIST_002/XWC/RS_XWC_002_BAIYA_PILOT/raw/RS_XWC_002_BAIYA_PILOT_batch04_T031-T040.wav,02_recordings/raw_audio/QINIST_002/XWC/RS_XWC_002_BAIYA_PILOT/raw/RS_XWC_002_BAIYA_PILOT_batch04_T031-T040.wav,T034,,,,,confirmed,下一口播起始,0.554058,-350,,review_only_boundary_draft,true
RS_XWC_002_BAIYA_PILOT,RS_XWC_002,XWC,QINIST_002,batch04,T035,T035:slate_start,slate_start,40.600,asr_candidate,accepted,true,false,2026-06-19T11:22:07.699471+00:00,UUlOSVNUXzAwMi9YV0MvUlNfWFdDXzAwMl9CQUlZQV9QSUxPVC9yYXcvUlNfWFdDXzAwMl9CQUlZQV9QSUxPVF9iYXRjaDA0X1QwMzEtVDA0MC53YXY,005,RS_XWC_002_035,T035,02_recordings/raw_audio/QINIST_002/XWC/RS_XWC_002_BAIYA_PILOT/raw/RS_XWC_002_BAIYA_PILOT_batch04_T031-T040.wav,02_recordings/raw_audio/QINIST_002/XWC/RS_XWC_002_BAIYA_PILOT/raw/RS_XWC_002_BAIYA_PILOT_batch04_T031-T040.wav,T035,,,,,confirmed,口播起始,0.75621,-400,,review_only_boundary_draft,true
RS_XWC_002_BAIYA_PILOT,RS_XWC_002,XWC,QINIST_002,batch04,T035,T035:slate_end,slate_end,42.840,asr_candidate,accepted,true,false,2026-06-19T11:22:07.699471+00:00,UUlOSVNUXzAwMi9YV0MvUlNfWFdDXzAwMl9CQUlZQV9QSUxPVC9yYXcvUlNfWFdDXzAwMl9CQUlZQV9QSUxPVF9iYXRjaDA0X1QwMzEtVDA0MC53YXY,005,RS_XWC_002_035,T035,02_recordings/raw_audio/QINIST_002/XWC/RS_XWC_002_BAIYA_PILOT/raw/RS_XWC_002_BAIYA_PILOT_batch04_T031-T040.wav,02_recordings/raw_audio/QINIST_002/XWC/RS_XWC_002_BAIYA_PILOT/raw/RS_XWC_002_BAIYA_PILOT_batch04_T031-T040.wav,T035,,,,,confirmed,口播结束,0.75621,-200,,review_only_boundary_draft,true
RS_XWC_002_BAIYA_PILOT,RS_XWC_002,XWC,QINIST_002,batch04,T035,T035:next_slate_start,next_slate_start,50.000,asr_candidate,accepted,true,false,2026-06-19T11:22:07.699471+00:00,UUlOSVNUXzAwMi9YV0MvUlNfWFdDXzAwMl9CQUlZQV9QSUxPVC9yYXcvUlNfWFdDXzAwMl9CQUlZQV9QSUxPVF9iYXRjaDA0X1QwMzEtVDA0MC53YXY,005,RS_XWC_002_035,T035,02_recordings/raw_audio/QINIST_002/XWC/RS_XWC_002_BAIYA_PILOT/raw/RS_XWC_002_BAIYA_PILOT_batch04_T031-T040.wav,02_recordings/raw_audio/QINIST_002/XWC/RS_XWC_002_BAIYA_PILOT/raw/RS_XWC_002_BAIYA_PILOT_batch04_T031-T040.wav,T035,,,,,confirmed,下一口播起始,0.75621,0,,review_only_boundary_draft,true
RS_XWC_002_BAIYA_PILOT,RS_XWC_002,XWC,QINIST_002,batch04,T036,T036:slate_start,slate_start,50.000,asr_candidate,accepted,true,false,2026-06-19T11:22:07.699471+00:00,UUlOSVNUXzAwMi9YV0MvUlNfWFdDXzAwMl9CQUlZQV9QSUxPVC9yYXcvUlNfWFdDXzAwMl9CQUlZQV9QSUxPVF9iYXRjaDA0X1QwMzEtVDA0MC53YXY,006,RS_XWC_002_036,T036,02_recordings/raw_audio/QINIST_002/XWC/RS_XWC_002_BAIYA_PILOT/raw/RS_XWC_002_BAIYA_PILOT_batch04_T031-T040.wav,02_recordings/raw_audio/QINIST_002/XWC/RS_XWC_002_BAIYA_PILOT/raw/RS_XWC_002_BAIYA_PILOT_batch04_T031-T040.wav,T036,,,,,confirmed,口播起始,0.921086,0,,review_only_boundary_draft,true
RS_XWC_002_BAIYA_PILOT,RS_XWC_002,XWC,QINIST_002,batch04,T036,T036:slate_end,slate_end,51.430,asr_candidate,accepted,true,false,2026-06-19T11:22:07.699471+00:00,UUlOSVNUXzAwMi9YV0MvUlNfWFdDXzAwMl9CQUlZQV9QSUxPVC9yYXcvUlNfWFdDXzAwMl9CQUlZQV9QSUxPVF9iYXRjaDA0X1QwMzEtVDA0MC53YXY,006,RS_XWC_002_036,T036,02_recordings/raw_audio/QINIST_002/XWC/RS_XWC_002_BAIYA_PILOT/raw/RS_XWC_002_BAIYA_PILOT_batch04_T031-T040.wav,02_recordings/raw_audio/QINIST_002/XWC/RS_XWC_002_BAIYA_PILOT/raw/RS_XWC_002_BAIYA_PILOT_batch04_T031-T040.wav,T036,,,,,confirmed,口播结束,0.921086,-50,,review_only_boundary_draft,true
RS_XWC_002_BAIYA_PILOT,RS_XWC_002,XWC,QINIST_002,batch04,T036,T036:next_slate_start,next_slate_start,59.730,asr_candidate,accepted,true,false,2026-06-19T11:22:07.699471+00:00,UUlOSVNUXzAwMi9YV0MvUlNfWFdDXzAwMl9CQUlZQV9QSUxPVC9yYXcvUlNfWFdDXzAwMl9CQUlZQV9QSUxPVF9iYXRjaDA0X1QwMzEtVDA0MC53YXY,006,RS_XWC_002_036,T036,02_recordings/raw_audio/QINIST_002/XWC/RS_XWC_002_BAIYA_PILOT/raw/RS_XWC_002_BAIYA_PILOT_batch04_T031-T040.wav,02_recordings/raw_audio/QINIST_002/XWC/RS_XWC_002_BAIYA_PILOT/raw/RS_XWC_002_BAIYA_PILOT_batch04_T031-T040.wav,T036,,,,,confirmed,下一口播起始,0.921086,-1150,,review_only_boundary_draft,true
RS_XWC_002_BAIYA_PILOT,RS_XWC_002,XWC,QINIST_002,batch04,T037,T037:slate_start,slate_start,59.630,asr_candidate,accepted,true,false,2026-06-19T11:22:07.699471+00:00,UUlOSVNUXzAwMi9YV0MvUlNfWFdDXzAwMl9CQUlZQV9QSUxPVC9yYXcvUlNfWFdDXzAwMl9CQUlZQV9QSUxPVF9iYXRjaDA0X1QwMzEtVDA0MC53YXY,007,RS_XWC_002_037,T037,02_recordings/raw_audio/QINIST_002/XWC/RS_XWC_002_BAIYA_PILOT/raw/RS_XWC_002_BAIYA_PILOT_batch04_T031-T040.wav,02_recordings/raw_audio/QINIST_002/XWC/RS_XWC_002_BAIYA_PILOT/raw/RS_XWC_002_BAIYA_PILOT_batch04_T031-T040.wav,T037,,,,,confirmed,口播起始,0.744475,-1250,,review_only_boundary_draft,true
RS_XWC_002_BAIYA_PILOT,RS_XWC_002,XWC,QINIST_002,batch04,T037,T037:slate_end,slate_end,62.680,asr_candidate,accepted,true,false,2026-06-19T11:22:07.699471+00:00,UUlOSVNUXzAwMi9YV0MvUlNfWFdDXzAwMl9CQUlZQV9QSUxPVC9yYXcvUlNfWFdDXzAwMl9CQUlZQV9QSUxPVF9iYXRjaDA0X1QwMzEtVDA0MC53YXY,007,RS_XWC_002_037,T037,02_recordings/raw_audio/QINIST_002/XWC/RS_XWC_002_BAIYA_PILOT/raw/RS_XWC_002_BAIYA_PILOT_batch04_T031-T040.wav,02_recordings/raw_audio/QINIST_002/XWC/RS_XWC_002_BAIYA_PILOT/raw/RS_XWC_002_BAIYA_PILOT_batch04_T031-T040.wav,T037,,,,,confirmed,口播结束,0.744475,-1000,,review_only_boundary_draft,true
RS_XWC_002_BAIYA_PILOT,RS_XWC_002,XWC,QINIST_002,batch04,T037,T037:next_slate_start,next_slate_start,70.560,asr_candidate,accepted,true,false,2026-06-19T11:22:07.699471+00:00,UUlOSVNUXzAwMi9YV0MvUlNfWFdDXzAwMl9CQUlZQV9QSUxPVC9yYXcvUlNfWFdDXzAwMl9CQUlZQV9QSUxPVF9iYXRjaDA0X1QwMzEtVDA0MC53YXY,007,RS_XWC_002_037,T037,02_recordings/raw_audio/QINIST_002/XWC/RS_XWC_002_BAIYA_PILOT/raw/RS_XWC_002_BAIYA_PILOT_batch04_T031-T040.wav,02_recordings/raw_audio/QINIST_002/XWC/RS_XWC_002_BAIYA_PILOT/raw/RS_XWC_002_BAIYA_PILOT_batch04_T031-T040.wav,T037,,,,,confirmed,下一口播起始,0.744475,0,,review_only_boundary_draft,true
RS_XWC_002_BAIYA_PILOT,RS_XWC_002,XWC,QINIST_002,batch04,T038,T038:slate_start,slate_start,70.560,asr_candidate,accepted,true,false,2026-06-19T11:22:07.699471+00:00,UUlOSVNUXzAwMi9YV0MvUlNfWFdDXzAwMl9CQUlZQV9QSUxPVC9yYXcvUlNfWFdDXzAwMl9CQUlZQV9QSUxPVF9iYXRjaDA0X1QwMzEtVDA0MC53YXY,008,RS_XWC_002_038,T038,02_recordings/raw_audio/QINIST_002/XWC/RS_XWC_002_BAIYA_PILOT/raw/RS_XWC_002_BAIYA_PILOT_batch04_T031-T040.wav,02_recordings/raw_audio/QINIST_002/XWC/RS_XWC_002_BAIYA_PILOT/raw/RS_XWC_002_BAIYA_PILOT_batch04_T031-T040.wav,T038,,,,,confirmed,口播起始,0.959662,0,,review_only_boundary_draft,true
RS_XWC_002_BAIYA_PILOT,RS_XWC_002,XWC,QINIST_002,batch04,T038,T038:slate_end,slate_end,72.610,asr_candidate,accepted,true,false,2026-06-19T11:22:07.699471+00:00,UUlOSVNUXzAwMi9YV0MvUlNfWFdDXzAwMl9CQUlZQV9QSUxPVC9yYXcvUlNfWFdDXzAwMl9CQUlZQV9QSUxPVF9iYXRjaDA0X1QwMzEtVDA0MC53YXY,008,RS_XWC_002_038,T038,02_recordings/raw_audio/QINIST_002/XWC/RS_XWC_002_BAIYA_PILOT/raw/RS_XWC_002_BAIYA_PILOT_batch04_T031-T040.wav,02_recordings/raw_audio/QINIST_002/XWC/RS_XWC_002_BAIYA_PILOT/raw/RS_XWC_002_BAIYA_PILOT_batch04_T031-T040.wav,T038,,,,,confirmed,口播结束,0.959662,-750,,review_only_boundary_draft,true
RS_XWC_002_BAIYA_PILOT,RS_XWC_002,XWC,QINIST_002,batch04,T038,T038:next_slate_start,next_slate_start,82.000,asr_candidate,accepted,true,false,2026-06-19T11:22:07.699471+00:00,UUlOSVNUXzAwMi9YV0MvUlNfWFdDXzAwMl9CQUlZQV9QSUxPVC9yYXcvUlNfWFdDXzAwMl9CQUlZQV9QSUxPVF9iYXRjaDA0X1QwMzEtVDA0MC53YXY,008,RS_XWC_002_038,T038,02_recordings/raw_audio/QINIST_002/XWC/RS_XWC_002_BAIYA_PILOT/raw/RS_XWC_002_BAIYA_PILOT_batch04_T031-T040.wav,02_recordings/raw_audio/QINIST_002/XWC/RS_XWC_002_BAIYA_PILOT/raw/RS_XWC_002_BAIYA_PILOT_batch04_T031-T040.wav,T038,,,,,confirmed,下一口播起始,0.959662,0,,review_only_boundary_draft,true
RS_XWC_002_BAIYA_PILOT,RS_XWC_002,XWC,QINIST_002,batch04,T039,T039:slate_start,slate_start,81.950,asr_candidate,accepted,true,false,2026-06-19T11:22:07.699471+00:00,UUlOSVNUXzAwMi9YV0MvUlNfWFdDXzAwMl9CQUlZQV9QSUxPVC9yYXcvUlNfWFdDXzAwMl9CQUlZQV9QSUxPVF9iYXRjaDA0X1QwMzEtVDA0MC53YXY,009,RS_XWC_002_039,T039,02_recordings/raw_audio/QINIST_002/XWC/RS_XWC_002_BAIYA_PILOT/raw/RS_XWC_002_BAIYA_PILOT_batch04_T031-T040.wav,02_recordings/raw_audio/QINIST_002/XWC/RS_XWC_002_BAIYA_PILOT/raw/RS_XWC_002_BAIYA_PILOT_batch04_T031-T040.wav,T039,,,,,confirmed,口播起始,0.948548,-50,,review_only_boundary_draft,true
RS_XWC_002_BAIYA_PILOT,RS_XWC_002,XWC,QINIST_002,batch04,T039,T039:slate_end,slate_end,83.340,asr_candidate,accepted,true,false,2026-06-19T11:22:07.699471+00:00,UUlOSVNUXzAwMi9YV0MvUlNfWFdDXzAwMl9CQUlZQV9QSUxPVC9yYXcvUlNfWFdDXzAwMl9CQUlZQV9QSUxPVF9iYXRjaDA0X1QwMzEtVDA0MC53YXY,009,RS_XWC_002_039,T039,02_recordings/raw_audio/QINIST_002/XWC/RS_XWC_002_BAIYA_PILOT/raw/RS_XWC_002_BAIYA_PILOT_batch04_T031-T040.wav,02_recordings/raw_audio/QINIST_002/XWC/RS_XWC_002_BAIYA_PILOT/raw/RS_XWC_002_BAIYA_PILOT_batch04_T031-T040.wav,T039,,,,,confirmed,口播结束,0.948548,0,,review_only_boundary_draft,true
RS_XWC_002_BAIYA_PILOT,RS_XWC_002,XWC,QINIST_002,batch04,T039,T039:next_slate_start,next_slate_start,90.820,asr_candidate,accepted,true,false,2026-06-19T11:22:07.699471+00:00,UUlOSVNUXzAwMi9YV0MvUlNfWFdDXzAwMl9CQUlZQV9QSUxPVC9yYXcvUlNfWFdDXzAwMl9CQUlZQV9QSUxPVF9iYXRjaDA0X1QwMzEtVDA0MC53YXY,009,RS_XWC_002_039,T039,02_recordings/raw_audio/QINIST_002/XWC/RS_XWC_002_BAIYA_PILOT/raw/RS_XWC_002_BAIYA_PILOT_batch04_T031-T040.wav,02_recordings/raw_audio/QINIST_002/XWC/RS_XWC_002_BAIYA_PILOT/raw/RS_XWC_002_BAIYA_PILOT_batch04_T031-T040.wav,T039,,,,,confirmed,下一口播起始,0.948548,0,,review_only_boundary_draft,true
RS_XWC_002_BAIYA_PILOT,RS_XWC_002,XWC,QINIST_002,batch04,T040,T040:slate_start,slate_start,90.820,asr_candidate,accepted,true,false,2026-06-19T11:22:07.699471+00:00,UUlOSVNUXzAwMi9YV0MvUlNfWFdDXzAwMl9CQUlZQV9QSUxPVC9yYXcvUlNfWFdDXzAwMl9CQUlZQV9QSUxPVF9iYXRjaDA0X1QwMzEtVDA0MC53YXY,010,RS_XWC_002_040,T040,02_recordings/raw_audio/QINIST_002/XWC/RS_XWC_002_BAIYA_PILOT/raw/RS_XWC_002_BAIYA_PILOT_batch04_T031-T040.wav,02_recordings/raw_audio/QINIST_002/XWC/RS_XWC_002_BAIYA_PILOT/raw/RS_XWC_002_BAIYA_PILOT_batch04_T031-T040.wav,T040,,,,,confirmed,口播起始,0.968606,0,,review_only_boundary_draft,true
RS_XWC_002_BAIYA_PILOT,RS_XWC_002,XWC,QINIST_002,batch04,T040,T040:slate_end,slate_end,92.860,asr_candidate,accepted,true,false,2026-06-19T11:22:07.699471+00:00,UUlOSVNUXzAwMi9YV0MvUlNfWFdDXzAwMl9CQUlZQV9QSUxPVC9yYXcvUlNfWFdDXzAwMl9CQUlZQV9QSUxPVF9iYXRjaDA0X1QwMzEtVDA0MC53YXY,010,RS_XWC_002_040,T040,02_recordings/raw_audio/QINIST_002/XWC/RS_XWC_002_BAIYA_PILOT/raw/RS_XWC_002_BAIYA_PILOT_batch04_T031-T040.wav,02_recordings/raw_audio/QINIST_002/XWC/RS_XWC_002_BAIYA_PILOT/raw/RS_XWC_002_BAIYA_PILOT_batch04_T031-T040.wav,T040,,,,,confirmed,口播结束,0.968606,0,,review_only_boundary_draft,true
