component_id,category,label_zh,source_zip,original_filename,normalized_image_path,image_sha256,legacy_refs,notes,status_labels
COMP-100,节奏谱字,入乱,节奏谱字.zip,入乱.png,sources/qxby_component_atlas/images/jiezou_puzi/COMP-100_入乱.png,789318c02a8d197d2d818099f3bc06896c4d3e689e319ece0871bbfc84e416bc,,QXBY_FULL_COMPONENT_ATLAS_REFERENCE; NOT_SCORE_EVENT_AUTHORITY; NOT_DAPU_IR_AUTHORITY; NOT_SAMPLE_INGEST; NOT_ML_TRAINING_DATA; NOT_RENDER_OUTPUT,QXBY_FULL_COMPONENT_ATLAS_REFERENCE|SOURCE_REFERENCE_IMAGE|USER_PROVIDED_QXBY_COMPONENT_SET|NOT_SCORE_EVENT_AUTHORITY|NOT_DAPU_IR_AUTHORITY|NOT_SAMPLE_INGEST|NOT_ML_TRAINING_DATA|NOT_RENDER_OUTPUT|NEEDS_CANON_BUILDER_CROSSWALK_REVIEW
COMP-101,节奏谱字,入慢,节奏谱字.zip,入慢.png,sources/qxby_component_atlas/images/jiezou_puzi/COMP-101_入慢.png,5216075381431e8026a7a9fbd18c2e6e8a6e232cfab8ca4aed0bceb7c19ee008,,QXBY_FULL_COMPONENT_ATLAS_REFERENCE; NOT_SCORE_EVENT_AUTHORITY; NOT_DAPU_IR_AUTHORITY; NOT_SAMPLE_INGEST; NOT_ML_TRAINING_DATA; NOT_RENDER_OUTPUT,QXBY_FULL_COMPONENT_ATLAS_REFERENCE|SOURCE_REFERENCE_IMAGE|USER_PROVIDED_QXBY_COMPONENT_SET|NOT_SCORE_EVENT_AUTHORITY|NOT_DAPU_IR_AUTHORITY|NOT_SAMPLE_INGEST|NOT_ML_TRAINING_DATA|NOT_RENDER_OUTPUT|NEEDS_CANON_BUILDER_CROSSWALK_REVIEW
COMP-102,节奏谱字,入拍,节奏谱字.zip,入拍.png,sources/qxby_component_atlas/images/jiezou_puzi/COMP-102_入拍.png,7e05d77c60fb09632ddb320d9d5e7a34cf66e310587eed1bd75b10bc141377eb,,QXBY_FULL_COMPONENT_ATLAS_REFERENCE; NOT_SCORE_EVENT_AUTHORITY; NOT_DAPU_IR_AUTHORITY; NOT_SAMPLE_INGEST; NOT_ML_TRAINING_DATA; NOT_RENDER_OUTPUT,QXBY_FULL_COMPONENT_ATLAS_REFERENCE|SOURCE_REFERENCE_IMAGE|USER_PROVIDED_QXBY_COMPONENT_SET|NOT_SCORE_EVENT_AUTHORITY|NOT_DAPU_IR_AUTHORITY|NOT_SAMPLE_INGEST|NOT_ML_TRAINING_DATA|NOT_RENDER_OUTPUT|NEEDS_CANON_BUILDER_CROSSWALK_REVIEW
COMP-103,节奏谱字,大慢,节奏谱字.zip,大慢.png,sources/qxby_component_atlas/images/jiezou_puzi/COMP-103_大慢.png,eaa5b879c59ab626a11501c387485b9d7cbb053a762a73b845922dcc2d78690b,,QXBY_FULL_COMPONENT_ATLAS_REFERENCE; NOT_SCORE_EVENT_AUTHORITY; NOT_DAPU_IR_AUTHORITY; NOT_SAMPLE_INGEST; NOT_ML_TRAINING_DATA; NOT_RENDER_OUTPUT,QXBY_FULL_COMPONENT_ATLAS_REFERENCE|SOURCE_REFERENCE_IMAGE|USER_PROVIDED_QXBY_COMPONENT_SET|NOT_SCORE_EVENT_AUTHORITY|NOT_DAPU_IR_AUTHORITY|NOT_SAMPLE_INGEST|NOT_ML_TRAINING_DATA|NOT_RENDER_OUTPUT|NEEDS_CANON_BUILDER_CROSSWALK_REVIEW
COMP-104,节奏谱字,实,节奏谱字.zip,实.png,sources/qxby_component_atlas/images/jiezou_puzi/COMP-104_实.png,39ff255f83a06e1e262baede3755dd53e9c1035a82367a727604465457df3910,,QXBY_FULL_COMPONENT_ATLAS_REFERENCE; NOT_SCORE_EVENT_AUTHORITY; NOT_DAPU_IR_AUTHORITY; NOT_SAMPLE_INGEST; NOT_ML_TRAINING_DATA; NOT_RENDER_OUTPUT,QXBY_FULL_COMPONENT_ATLAS_REFERENCE|SOURCE_REFERENCE_IMAGE|USER_PROVIDED_QXBY_COMPONENT_SET|NOT_SCORE_EVENT_AUTHORITY|NOT_DAPU_IR_AUTHORITY|NOT_SAMPLE_INGEST|NOT_ML_TRAINING_DATA|NOT_RENDER_OUTPUT|NEEDS_CANON_BUILDER_CROSSWALK_REVIEW
COMP-105,节奏谱字,少息,节奏谱字.zip,少息.png,sources/qxby_component_atlas/images/jiezou_puzi/COMP-105_少息.png,4a19677be5e73e67b8daec6600532d86ca2786d5a8d750bb42db569fc7ff7cec,COMP-003,QXBY_FULL_COMPONENT_ATLAS_REFERENCE; NOT_SCORE_EVENT_AUTHORITY; NOT_DAPU_IR_AUTHORITY; NOT_SAMPLE_INGEST; NOT_ML_TRAINING_DATA; NOT_RENDER_OUTPUT,QXBY_FULL_COMPONENT_ATLAS_REFERENCE|SOURCE_REFERENCE_IMAGE|USER_PROVIDED_QXBY_COMPONENT_SET|NOT_SCORE_EVENT_AUTHORITY|NOT_DAPU_IR_AUTHORITY|NOT_SAMPLE_INGEST|NOT_ML_TRAINING_DATA|NOT_RENDER_OUTPUT|NEEDS_CANON_BUILDER_CROSSWALK_REVIEW
COMP-106,节奏谱字,急,节奏谱字.zip,急.png,sources/qxby_component_atlas/images/jiezou_puzi/COMP-106_急.png,c3ba68691768ab95f26ab908f7027eb6041576996ffb9b2d0f976d7d0bd2ec4d,COMP-030,QXBY_FULL_COMPONENT_ATLAS_REFERENCE; NOT_SCORE_EVENT_AUTHORITY; NOT_DAPU_IR_AUTHORITY; NOT_SAMPLE_INGEST; NOT_ML_TRAINING_DATA; NOT_RENDER_OUTPUT,QXBY_FULL_COMPONENT_ATLAS_REFERENCE|SOURCE_REFERENCE_IMAGE|USER_PROVIDED_QXBY_COMPONENT_SET|NOT_SCORE_EVENT_AUTHORITY|NOT_DAPU_IR_AUTHORITY|NOT_SAMPLE_INGEST|NOT_ML_TRAINING_DATA|NOT_RENDER_OUTPUT|NEEDS_CANON_BUILDER_CROSSWALK_REVIEW
COMP-107,节奏谱字,急作,节奏谱字.zip,急作.png,sources/qxby_component_atlas/images/jiezou_puzi/COMP-107_急作.png,fb2c23fe0245c2c7416438e3201e29936cab3cf3547f5638dbab943aa447f752,,QXBY_FULL_COMPONENT_ATLAS_REFERENCE; NOT_SCORE_EVENT_AUTHORITY; NOT_DAPU_IR_AUTHORITY; NOT_SAMPLE_INGEST; NOT_ML_TRAINING_DATA; NOT_RENDER_OUTPUT,QXBY_FULL_COMPONENT_ATLAS_REFERENCE|SOURCE_REFERENCE_IMAGE|USER_PROVIDED_QXBY_COMPONENT_SET|NOT_SCORE_EVENT_AUTHORITY|NOT_DAPU_IR_AUTHORITY|NOT_SAMPLE_INGEST|NOT_ML_TRAINING_DATA|NOT_RENDER_OUTPUT|NEEDS_CANON_BUILDER_CROSSWALK_REVIEW
COMP-108,节奏谱字,息,节奏谱字.zip,息.png,sources/qxby_component_atlas/images/jiezou_puzi/COMP-108_息.png,f32c164436cc6a7ad9874becd92badb07150ee3f342647f23a2ac9bf7d5089c4,,QXBY_FULL_COMPONENT_ATLAS_REFERENCE; NOT_SCORE_EVENT_AUTHORITY; NOT_DAPU_IR_AUTHORITY; NOT_SAMPLE_INGEST; NOT_ML_TRAINING_DATA; NOT_RENDER_OUTPUT,QXBY_FULL_COMPONENT_ATLAS_REFERENCE|SOURCE_REFERENCE_IMAGE|USER_PROVIDED_QXBY_COMPONENT_SET|NOT_SCORE_EVENT_AUTHORITY|NOT_DAPU_IR_AUTHORITY|NOT_SAMPLE_INGEST|NOT_ML_TRAINING_DATA|NOT_RENDER_OUTPUT|NEEDS_CANON_BUILDER_CROSSWALK_REVIEW
COMP-109,节奏谱字,慢,节奏谱字.zip,慢.png,sources/qxby_component_atlas/images/jiezou_puzi/COMP-109_慢.png,7e27f1a46c395a671fafc907a7bc5292857d795f0e6276c898cafec60a585624,,QXBY_FULL_COMPONENT_ATLAS_REFERENCE; NOT_SCORE_EVENT_AUTHORITY; NOT_DAPU_IR_AUTHORITY; NOT_SAMPLE_INGEST; NOT_ML_TRAINING_DATA; NOT_RENDER_OUTPUT,QXBY_FULL_COMPONENT_ATLAS_REFERENCE|SOURCE_REFERENCE_IMAGE|USER_PROVIDED_QXBY_COMPONENT_SET|NOT_SCORE_EVENT_AUTHORITY|NOT_DAPU_IR_AUTHORITY|NOT_SAMPLE_INGEST|NOT_ML_TRAINING_DATA|NOT_RENDER_OUTPUT|NEEDS_CANON_BUILDER_CROSSWALK_REVIEW
COMP-110,节奏谱字,接,节奏谱字.zip,接.png,sources/qxby_component_atlas/images/jiezou_puzi/COMP-110_接.png,1b3358ab9eca38a9c8e0774753584116bfca460336c6664571383df830d71d94,,QXBY_FULL_COMPONENT_ATLAS_REFERENCE; NOT_SCORE_EVENT_AUTHORITY; NOT_DAPU_IR_AUTHORITY; NOT_SAMPLE_INGEST; NOT_ML_TRAINING_DATA; NOT_RENDER_OUTPUT,QXBY_FULL_COMPONENT_ATLAS_REFERENCE|SOURCE_REFERENCE_IMAGE|USER_PROVIDED_QXBY_COMPONENT_SET|NOT_SCORE_EVENT_AUTHORITY|NOT_DAPU_IR_AUTHORITY|NOT_SAMPLE_INGEST|NOT_ML_TRAINING_DATA|NOT_RENDER_OUTPUT|NEEDS_CANON_BUILDER_CROSSWALK_REVIEW
COMP-111,节奏谱字,渐慢,节奏谱字.zip,渐慢.png,sources/qxby_component_atlas/images/jiezou_puzi/COMP-111_渐慢.png,5d5fb37d75bb756c85ab689adf1cf616492020860460786e09c66c49d292556d,,QXBY_FULL_COMPONENT_ATLAS_REFERENCE; NOT_SCORE_EVENT_AUTHORITY; NOT_DAPU_IR_AUTHORITY; NOT_SAMPLE_INGEST; NOT_ML_TRAINING_DATA; NOT_RENDER_OUTPUT,QXBY_FULL_COMPONENT_ATLAS_REFERENCE|SOURCE_REFERENCE_IMAGE|USER_PROVIDED_QXBY_COMPONENT_SET|NOT_SCORE_EVENT_AUTHORITY|NOT_DAPU_IR_AUTHORITY|NOT_SAMPLE_INGEST|NOT_ML_TRAINING_DATA|NOT_RENDER_OUTPUT|NEEDS_CANON_BUILDER_CROSSWALK_REVIEW
COMP-112,节奏谱字,紧,节奏谱字.zip,紧.png,sources/qxby_component_atlas/images/jiezou_puzi/COMP-112_紧.png,0aaf05a7a53ebe900a4834b68548e9a54d6f41d508b8e7fd58e6bb5c08e23011,,QXBY_FULL_COMPONENT_ATLAS_REFERENCE; NOT_SCORE_EVENT_AUTHORITY; NOT_DAPU_IR_AUTHORITY; NOT_SAMPLE_INGEST; NOT_ML_TRAINING_DATA; NOT_RENDER_OUTPUT,QXBY_FULL_COMPONENT_ATLAS_REFERENCE|SOURCE_REFERENCE_IMAGE|USER_PROVIDED_QXBY_COMPONENT_SET|NOT_SCORE_EVENT_AUTHORITY|NOT_DAPU_IR_AUTHORITY|NOT_SAMPLE_INGEST|NOT_ML_TRAINING_DATA|NOT_RENDER_OUTPUT|NEEDS_CANON_BUILDER_CROSSWALK_REVIEW
COMP-113,节奏谱字,缓,节奏谱字.zip,缓.png,sources/qxby_component_atlas/images/jiezou_puzi/COMP-113_缓.png,f17c9618d4d33a885f09ee32b0ba952496aafbda855d262a838078d7fdb33c11,,QXBY_FULL_COMPONENT_ATLAS_REFERENCE; NOT_SCORE_EVENT_AUTHORITY; NOT_DAPU_IR_AUTHORITY; NOT_SAMPLE_INGEST; NOT_ML_TRAINING_DATA; NOT_RENDER_OUTPUT,QXBY_FULL_COMPONENT_ATLAS_REFERENCE|SOURCE_REFERENCE_IMAGE|USER_PROVIDED_QXBY_COMPONENT_SET|NOT_SCORE_EVENT_AUTHORITY|NOT_DAPU_IR_AUTHORITY|NOT_SAMPLE_INGEST|NOT_ML_TRAINING_DATA|NOT_RENDER_OUTPUT|NEEDS_CANON_BUILDER_CROSSWALK_REVIEW
COMP-114,节奏谱字,缓作,节奏谱字.zip,缓作.png,sources/qxby_component_atlas/images/jiezou_puzi/COMP-114_缓作.png,85a8a621959e745daed86ef1749f6f2e26a6b8e48a636d96c965a0ae8f857794,,QXBY_FULL_COMPONENT_ATLAS_REFERENCE; NOT_SCORE_EVENT_AUTHORITY; NOT_DAPU_IR_AUTHORITY; NOT_SAMPLE_INGEST; NOT_ML_TRAINING_DATA; NOT_RENDER_OUTPUT,QXBY_FULL_COMPONENT_ATLAS_REFERENCE|SOURCE_REFERENCE_IMAGE|USER_PROVIDED_QXBY_COMPONENT_SET|NOT_SCORE_EVENT_AUTHORITY|NOT_DAPU_IR_AUTHORITY|NOT_SAMPLE_INGEST|NOT_ML_TRAINING_DATA|NOT_RENDER_OUTPUT|NEEDS_CANON_BUILDER_CROSSWALK_REVIEW
COMP-115,节奏谱字,蓄,节奏谱字.zip,蓄.png,sources/qxby_component_atlas/images/jiezou_puzi/COMP-115_蓄.png,e6ba6d57e5678d94a203ba087758c36ae8368910a3854d161638364f3f06e479,,QXBY_FULL_COMPONENT_ATLAS_REFERENCE; NOT_SCORE_EVENT_AUTHORITY; NOT_DAPU_IR_AUTHORITY; NOT_SAMPLE_INGEST; NOT_ML_TRAINING_DATA; NOT_RENDER_OUTPUT,QXBY_FULL_COMPONENT_ATLAS_REFERENCE|SOURCE_REFERENCE_IMAGE|USER_PROVIDED_QXBY_COMPONENT_SET|NOT_SCORE_EVENT_AUTHORITY|NOT_DAPU_IR_AUTHORITY|NOT_SAMPLE_INGEST|NOT_ML_TRAINING_DATA|NOT_RENDER_OUTPUT|NEEDS_CANON_BUILDER_CROSSWALK_REVIEW
COMP-116,节奏谱字,虚,节奏谱字.zip,虚.png,sources/qxby_component_atlas/images/jiezou_puzi/COMP-116_虚.png,b44c132f10b8ac3af50e5ed991c0d2a3e3db9c7f3099f2bb87b959a53fc31035,,QXBY_FULL_COMPONENT_ATLAS_REFERENCE; NOT_SCORE_EVENT_AUTHORITY; NOT_DAPU_IR_AUTHORITY; NOT_SAMPLE_INGEST; NOT_ML_TRAINING_DATA; NOT_RENDER_OUTPUT,QXBY_FULL_COMPONENT_ATLAS_REFERENCE|SOURCE_REFERENCE_IMAGE|USER_PROVIDED_QXBY_COMPONENT_SET|NOT_SCORE_EVENT_AUTHORITY|NOT_DAPU_IR_AUTHORITY|NOT_SAMPLE_INGEST|NOT_ML_TRAINING_DATA|NOT_RENDER_OUTPUT|NEEDS_CANON_BUILDER_CROSSWALK_REVIEW
COMP-117,节奏谱字,踢宕,节奏谱字.zip,踢宕.png,sources/qxby_component_atlas/images/jiezou_puzi/COMP-117_踢宕.png,56f0da359591324cb306728c9cacb5b4a1f8da9271219bbd037e77d481847872,,QXBY_FULL_COMPONENT_ATLAS_REFERENCE; NOT_SCORE_EVENT_AUTHORITY; NOT_DAPU_IR_AUTHORITY; NOT_SAMPLE_INGEST; NOT_ML_TRAINING_DATA; NOT_RENDER_OUTPUT,QXBY_FULL_COMPONENT_ATLAS_REFERENCE|SOURCE_REFERENCE_IMAGE|USER_PROVIDED_QXBY_COMPONENT_SET|NOT_SCORE_EVENT_AUTHORITY|NOT_DAPU_IR_AUTHORITY|NOT_SAMPLE_INGEST|NOT_ML_TRAINING_DATA|NOT_RENDER_OUTPUT|NEEDS_CANON_BUILDER_CROSSWALK_REVIEW
COMP-118,节奏谱字,轻,节奏谱字.zip,轻.png,sources/qxby_component_atlas/images/jiezou_puzi/COMP-118_轻.png,9db21106960912ab67bfc840d04bed09ecc0fa4f772da5be2ac1a2f27554677a,,QXBY_FULL_COMPONENT_ATLAS_REFERENCE; NOT_SCORE_EVENT_AUTHORITY; NOT_DAPU_IR_AUTHORITY; NOT_SAMPLE_INGEST; NOT_ML_TRAINING_DATA; NOT_RENDER_OUTPUT,QXBY_FULL_COMPONENT_ATLAS_REFERENCE|SOURCE_REFERENCE_IMAGE|USER_PROVIDED_QXBY_COMPONENT_SET|NOT_SCORE_EVENT_AUTHORITY|NOT_DAPU_IR_AUTHORITY|NOT_SAMPLE_INGEST|NOT_ML_TRAINING_DATA|NOT_RENDER_OUTPUT|NEEDS_CANON_BUILDER_CROSSWALK_REVIEW
COMP-119,节奏谱字,连,节奏谱字.zip,连.png,sources/qxby_component_atlas/images/jiezou_puzi/COMP-119_连.png,fa8da0909bb6072e45203e229630260aafd0abcb0ff8721c82eec546bbf8ed93,,QXBY_FULL_COMPONENT_ATLAS_REFERENCE; NOT_SCORE_EVENT_AUTHORITY; NOT_DAPU_IR_AUTHORITY; NOT_SAMPLE_INGEST; NOT_ML_TRAINING_DATA; NOT_RENDER_OUTPUT,QXBY_FULL_COMPONENT_ATLAS_REFERENCE|SOURCE_REFERENCE_IMAGE|USER_PROVIDED_QXBY_COMPONENT_SET|NOT_SCORE_EVENT_AUTHORITY|NOT_DAPU_IR_AUTHORITY|NOT_SAMPLE_INGEST|NOT_ML_TRAINING_DATA|NOT_RENDER_OUTPUT|NEEDS_CANON_BUILDER_CROSSWALK_REVIEW
COMP-120,节奏谱字,重,节奏谱字.zip,重.png,sources/qxby_component_atlas/images/jiezou_puzi/COMP-120_重.png,fa5ed7d8655c911a81cdbb3b3db694689fab298d6462e58b3b8893b80672d90e,,QXBY_FULL_COMPONENT_ATLAS_REFERENCE; NOT_SCORE_EVENT_AUTHORITY; NOT_DAPU_IR_AUTHORITY; NOT_SAMPLE_INGEST; NOT_ML_TRAINING_DATA; NOT_RENDER_OUTPUT,QXBY_FULL_COMPONENT_ATLAS_REFERENCE|SOURCE_REFERENCE_IMAGE|USER_PROVIDED_QXBY_COMPONENT_SET|NOT_SCORE_EVENT_AUTHORITY|NOT_DAPU_IR_AUTHORITY|NOT_SAMPLE_INGEST|NOT_ML_TRAINING_DATA|NOT_RENDER_OUTPUT|NEEDS_CANON_BUILDER_CROSSWALK_REVIEW
COMP-121,节奏谱字,顿,节奏谱字.zip,顿.png,sources/qxby_component_atlas/images/jiezou_puzi/COMP-121_顿.png,55d99bf9d53b2f82d695fc3ab9a44591b79374d7bb5cd55c7d84ca279a45f3d1,,QXBY_FULL_COMPONENT_ATLAS_REFERENCE; NOT_SCORE_EVENT_AUTHORITY; NOT_DAPU_IR_AUTHORITY; NOT_SAMPLE_INGEST; NOT_ML_TRAINING_DATA; NOT_RENDER_OUTPUT,QXBY_FULL_COMPONENT_ATLAS_REFERENCE|SOURCE_REFERENCE_IMAGE|USER_PROVIDED_QXBY_COMPONENT_SET|NOT_SCORE_EVENT_AUTHORITY|NOT_DAPU_IR_AUTHORITY|NOT_SAMPLE_INGEST|NOT_ML_TRAINING_DATA|NOT_RENDER_OUTPUT|NEEDS_CANON_BUILDER_CROSSWALK_REVIEW
COMP-122,通用谱字,不动,通用谱字.zip,不动.png,sources/qxby_component_atlas/images/tongyong_puzi/COMP-122_不动.png,08c7fbbd8213f633fa277d0b5bbb02147fff912df51e783f515c7ef7ce7a1dde,,QXBY_FULL_COMPONENT_ATLAS_REFERENCE; NOT_SCORE_EVENT_AUTHORITY; NOT_DAPU_IR_AUTHORITY; NOT_SAMPLE_INGEST; NOT_ML_TRAINING_DATA; NOT_RENDER_OUTPUT,QXBY_FULL_COMPONENT_ATLAS_REFERENCE|SOURCE_REFERENCE_IMAGE|USER_PROVIDED_QXBY_COMPONENT_SET|NOT_SCORE_EVENT_AUTHORITY|NOT_DAPU_IR_AUTHORITY|NOT_SAMPLE_INGEST|NOT_ML_TRAINING_DATA|NOT_RENDER_OUTPUT|NEEDS_CANON_BUILDER_CROSSWALK_REVIEW
COMP-123,通用谱字,二作,通用谱字.zip,二作.png,sources/qxby_component_atlas/images/tongyong_puzi/COMP-123_二作.png,e16beace7845cf0f28716a0b35e81784b25e011a7452839eddc5f2abf5daeaba,,QXBY_FULL_COMPONENT_ATLAS_REFERENCE; NOT_SCORE_EVENT_AUTHORITY; NOT_DAPU_IR_AUTHORITY; NOT_SAMPLE_INGEST; NOT_ML_TRAINING_DATA; NOT_RENDER_OUTPUT,QXBY_FULL_COMPONENT_ATLAS_REFERENCE|SOURCE_REFERENCE_IMAGE|USER_PROVIDED_QXBY_COMPONENT_SET|NOT_SCORE_EVENT_AUTHORITY|NOT_DAPU_IR_AUTHORITY|NOT_SAMPLE_INGEST|NOT_ML_TRAINING_DATA|NOT_RENDER_OUTPUT|NEEDS_CANON_BUILDER_CROSSWALK_REVIEW
COMP-124,通用谱字,从勾再作,通用谱字.zip,从勾再作.png,sources/qxby_component_atlas/images/tongyong_puzi/COMP-124_从勾再作.png,8f4e4a49b6af0eba56c11c40b235655884da1718dc266be499a3f4ddeb2cd755,,QXBY_FULL_COMPONENT_ATLAS_REFERENCE; NOT_SCORE_EVENT_AUTHORITY; NOT_DAPU_IR_AUTHORITY; NOT_SAMPLE_INGEST; NOT_ML_TRAINING_DATA; NOT_RENDER_OUTPUT,QXBY_FULL_COMPONENT_ATLAS_REFERENCE|SOURCE_REFERENCE_IMAGE|USER_PROVIDED_QXBY_COMPONENT_SET|NOT_SCORE_EVENT_AUTHORITY|NOT_DAPU_IR_AUTHORITY|NOT_SAMPLE_INGEST|NOT_ML_TRAINING_DATA|NOT_RENDER_OUTPUT|NEEDS_CANON_BUILDER_CROSSWALK_REVIEW
COMP-125,通用谱字,从头再作,通用谱字.zip,从头再作.png,sources/qxby_component_atlas/images/tongyong_puzi/COMP-125_从头再作.png,e4dabdb59e58dd40a686ad76922bf609d954b54d77594ca0f723f588672a142a,,QXBY_FULL_COMPONENT_ATLAS_REFERENCE; NOT_SCORE_EVENT_AUTHORITY; NOT_DAPU_IR_AUTHORITY; NOT_SAMPLE_INGEST; NOT_ML_TRAINING_DATA; NOT_RENDER_OUTPUT,QXBY_FULL_COMPONENT_ATLAS_REFERENCE|SOURCE_REFERENCE_IMAGE|USER_PROVIDED_QXBY_COMPONENT_SET|NOT_SCORE_EVENT_AUTHORITY|NOT_DAPU_IR_AUTHORITY|NOT_SAMPLE_INGEST|NOT_ML_TRAINING_DATA|NOT_RENDER_OUTPUT|NEEDS_CANON_BUILDER_CROSSWALK_REVIEW
COMP-126,通用谱字,再作,通用谱字.zip,再作.png,sources/qxby_component_atlas/images/tongyong_puzi/COMP-126_再作.png,c352d0feed3627ce41c7b4f60c5e211c7bc03beff0fff5ce54a8e9702fb0b46a,,QXBY_FULL_COMPONENT_ATLAS_REFERENCE; NOT_SCORE_EVENT_AUTHORITY; NOT_DAPU_IR_AUTHORITY; NOT_SAMPLE_INGEST; NOT_ML_TRAINING_DATA; NOT_RENDER_OUTPUT,QXBY_FULL_COMPONENT_ATLAS_REFERENCE|SOURCE_REFERENCE_IMAGE|USER_PROVIDED_QXBY_COMPONENT_SET|NOT_SCORE_EVENT_AUTHORITY|NOT_DAPU_IR_AUTHORITY|NOT_SAMPLE_INGEST|NOT_ML_TRAINING_DATA|NOT_RENDER_OUTPUT|NEEDS_CANON_BUILDER_CROSSWALK_REVIEW
COMP-127,通用谱字,句,通用谱字.zip,句.png,sources/qxby_component_atlas/images/tongyong_puzi/COMP-127_句.png,9aeefa601d1d74c4c796a7f7f44e8257664ef4407a170e4b306cf8b2bcd2bcce,,QXBY_FULL_COMPONENT_ATLAS_REFERENCE; NOT_SCORE_EVENT_AUTHORITY; NOT_DAPU_IR_AUTHORITY; NOT_SAMPLE_INGEST; NOT_ML_TRAINING_DATA; NOT_RENDER_OUTPUT,QXBY_FULL_COMPONENT_ATLAS_REFERENCE|SOURCE_REFERENCE_IMAGE|USER_PROVIDED_QXBY_COMPONENT_SET|NOT_SCORE_EVENT_AUTHORITY|NOT_DAPU_IR_AUTHORITY|NOT_SAMPLE_INGEST|NOT_ML_TRAINING_DATA|NOT_RENDER_OUTPUT|NEEDS_CANON_BUILDER_CROSSWALK_REVIEW
COMP-128,通用谱字,就,通用谱字.zip,就.png,sources/qxby_component_atlas/images/tongyong_puzi/COMP-128_就.png,c5c6ca396499df8c03ba7d817bd3694eeb3f2d15cdb9cd1826349b522f2a83e9,COMP-023,QXBY_FULL_COMPONENT_ATLAS_REFERENCE; NOT_SCORE_EVENT_AUTHORITY; NOT_DAPU_IR_AUTHORITY; NOT_SAMPLE_INGEST; NOT_ML_TRAINING_DATA; NOT_RENDER_OUTPUT,QXBY_FULL_COMPONENT_ATLAS_REFERENCE|SOURCE_REFERENCE_IMAGE|USER_PROVIDED_QXBY_COMPONENT_SET|NOT_SCORE_EVENT_AUTHORITY|NOT_DAPU_IR_AUTHORITY|NOT_SAMPLE_INGEST|NOT_ML_TRAINING_DATA|NOT_RENDER_OUTPUT|NEEDS_CANON_BUILDER_CROSSWALK_REVIEW
COMP-129,通用谱字,换,通用谱字.zip,换.png,sources/qxby_component_atlas/images/tongyong_puzi/COMP-129_换.png,5bc363bad77b6b02e8482014742281040bc08288605ab3df1bcbf6b9eeb4eecc,,QXBY_FULL_COMPONENT_ATLAS_REFERENCE; NOT_SCORE_EVENT_AUTHORITY; NOT_DAPU_IR_AUTHORITY; NOT_SAMPLE_INGEST; NOT_ML_TRAINING_DATA; NOT_RENDER_OUTPUT,QXBY_FULL_COMPONENT_ATLAS_REFERENCE|SOURCE_REFERENCE_IMAGE|USER_PROVIDED_QXBY_COMPONENT_SET|NOT_SCORE_EVENT_AUTHORITY|NOT_DAPU_IR_AUTHORITY|NOT_SAMPLE_INGEST|NOT_ML_TRAINING_DATA|NOT_RENDER_OUTPUT|NEEDS_CANON_BUILDER_CROSSWALK_REVIEW
COMP-130,通用谱字,操终,通用谱字.zip,操终.png,sources/qxby_component_atlas/images/tongyong_puzi/COMP-130_操终.png,8238de5691bea79b6e96f391b26ac2d23e2677266f26dd6a4e6d4eb13c2c4f29,,QXBY_FULL_COMPONENT_ATLAS_REFERENCE; NOT_SCORE_EVENT_AUTHORITY; NOT_DAPU_IR_AUTHORITY; NOT_SAMPLE_INGEST; NOT_ML_TRAINING_DATA; NOT_RENDER_OUTPUT,QXBY_FULL_COMPONENT_ATLAS_REFERENCE|SOURCE_REFERENCE_IMAGE|USER_PROVIDED_QXBY_COMPONENT_SET|NOT_SCORE_EVENT_AUTHORITY|NOT_DAPU_IR_AUTHORITY|NOT_SAMPLE_INGEST|NOT_ML_TRAINING_DATA|NOT_RENDER_OUTPUT|NEEDS_CANON_BUILDER_CROSSWALK_REVIEW
COMP-131,通用谱字,曲终,通用谱字.zip,曲终.png,sources/qxby_component_atlas/images/tongyong_puzi/COMP-131_曲终.png,ab376873989a551682d84698a12af2e0d5b53116844fb74f9ab72ff32fe3b00b,,QXBY_FULL_COMPONENT_ATLAS_REFERENCE; NOT_SCORE_EVENT_AUTHORITY; NOT_DAPU_IR_AUTHORITY; NOT_SAMPLE_INGEST; NOT_ML_TRAINING_DATA; NOT_RENDER_OUTPUT,QXBY_FULL_COMPONENT_ATLAS_REFERENCE|SOURCE_REFERENCE_IMAGE|USER_PROVIDED_QXBY_COMPONENT_SET|NOT_SCORE_EVENT_AUTHORITY|NOT_DAPU_IR_AUTHORITY|NOT_SAMPLE_INGEST|NOT_ML_TRAINING_DATA|NOT_RENDER_OUTPUT|NEEDS_CANON_BUILDER_CROSSWALK_REVIEW
COMP-132,通用谱字,末,通用谱字.zip,末.png,sources/qxby_component_atlas/images/tongyong_puzi/COMP-132_末.png,b7af905828aa0836ab116ef81fe43c1144c1d407d6758a1893d8f37e17e8d0cb,,QXBY_FULL_COMPONENT_ATLAS_REFERENCE; NOT_SCORE_EVENT_AUTHORITY; NOT_DAPU_IR_AUTHORITY; NOT_SAMPLE_INGEST; NOT_ML_TRAINING_DATA; NOT_RENDER_OUTPUT,QXBY_FULL_COMPONENT_ATLAS_REFERENCE|SOURCE_REFERENCE_IMAGE|USER_PROVIDED_QXBY_COMPONENT_SET|NOT_SCORE_EVENT_AUTHORITY|NOT_DAPU_IR_AUTHORITY|NOT_SAMPLE_INGEST|NOT_ML_TRAINING_DATA|NOT_RENDER_OUTPUT|NEEDS_CANON_BUILDER_CROSSWALK_REVIEW
COMP-133,通用谱字,次,通用谱字.zip,次.png,sources/qxby_component_atlas/images/tongyong_puzi/COMP-133_次.png,0a6fe3824ddfe46c93a034f0e3207753750093879c1e4bfd9e8525b5f20ea708,,QXBY_FULL_COMPONENT_ATLAS_REFERENCE; NOT_SCORE_EVENT_AUTHORITY; NOT_DAPU_IR_AUTHORITY; NOT_SAMPLE_INGEST; NOT_ML_TRAINING_DATA; NOT_RENDER_OUTPUT,QXBY_FULL_COMPONENT_ATLAS_REFERENCE|SOURCE_REFERENCE_IMAGE|USER_PROVIDED_QXBY_COMPONENT_SET|NOT_SCORE_EVENT_AUTHORITY|NOT_DAPU_IR_AUTHORITY|NOT_SAMPLE_INGEST|NOT_ML_TRAINING_DATA|NOT_RENDER_OUTPUT|NEEDS_CANON_BUILDER_CROSSWALK_REVIEW
COMP-134,通用谱字,段,通用谱字.zip,段.png,sources/qxby_component_atlas/images/tongyong_puzi/COMP-134_段.png,374af508a453c233ef0f11f92aeb9880afc9789ba7c5cf15442021d5febb3bf0,,QXBY_FULL_COMPONENT_ATLAS_REFERENCE; NOT_SCORE_EVENT_AUTHORITY; NOT_DAPU_IR_AUTHORITY; NOT_SAMPLE_INGEST; NOT_ML_TRAINING_DATA; NOT_RENDER_OUTPUT,QXBY_FULL_COMPONENT_ATLAS_REFERENCE|SOURCE_REFERENCE_IMAGE|USER_PROVIDED_QXBY_COMPONENT_SET|NOT_SCORE_EVENT_AUTHORITY|NOT_DAPU_IR_AUTHORITY|NOT_SAMPLE_INGEST|NOT_ML_TRAINING_DATA|NOT_RENDER_OUTPUT|NEEDS_CANON_BUILDER_CROSSWALK_REVIEW
COMP-135,通用谱字,至,通用谱字.zip,至.png,sources/qxby_component_atlas/images/tongyong_puzi/COMP-135_至.png,51a40a84bb0fd5998d27093f4dcb8e7ee0c2d084c1f69b9dcadbc403f7f829c8,,QXBY_FULL_COMPONENT_ATLAS_REFERENCE; NOT_SCORE_EVENT_AUTHORITY; NOT_DAPU_IR_AUTHORITY; NOT_SAMPLE_INGEST; NOT_ML_TRAINING_DATA; NOT_RENDER_OUTPUT,QXBY_FULL_COMPONENT_ATLAS_REFERENCE|SOURCE_REFERENCE_IMAGE|USER_PROVIDED_QXBY_COMPONENT_SET|NOT_SCORE_EVENT_AUTHORITY|NOT_DAPU_IR_AUTHORITY|NOT_SAMPLE_INGEST|NOT_ML_TRAINING_DATA|NOT_RENDER_OUTPUT|NEEDS_CANON_BUILDER_CROSSWALK_REVIEW
COMP-136,通用谱字,调终,通用谱字.zip,调终.png,sources/qxby_component_atlas/images/tongyong_puzi/COMP-136_调终.png,fe0e8dab97b3b58e47088f9a83f7aac14d9500a50f5a808c67c7b84d5097cb9d,,QXBY_FULL_COMPONENT_ATLAS_REFERENCE; NOT_SCORE_EVENT_AUTHORITY; NOT_DAPU_IR_AUTHORITY; NOT_SAMPLE_INGEST; NOT_ML_TRAINING_DATA; NOT_RENDER_OUTPUT,QXBY_FULL_COMPONENT_ATLAS_REFERENCE|SOURCE_REFERENCE_IMAGE|USER_PROVIDED_QXBY_COMPONENT_SET|NOT_SCORE_EVENT_AUTHORITY|NOT_DAPU_IR_AUTHORITY|NOT_SAMPLE_INGEST|NOT_ML_TRAINING_DATA|NOT_RENDER_OUTPUT|NEEDS_CANON_BUILDER_CROSSWALK_REVIEW
COMP-137,音位谱字,弦,音位谱字.zip,弦.png,sources/qxby_component_atlas/images/yinwei_puzi/COMP-137_弦.png,97a5005beacf8bc786ac49c5220ad414b875c7c6daeabf9c332393a153752782,,QXBY_FULL_COMPONENT_ATLAS_REFERENCE; NOT_SCORE_EVENT_AUTHORITY; NOT_DAPU_IR_AUTHORITY; NOT_SAMPLE_INGEST; NOT_ML_TRAINING_DATA; NOT_RENDER_OUTPUT,QXBY_FULL_COMPONENT_ATLAS_REFERENCE|SOURCE_REFERENCE_IMAGE|USER_PROVIDED_QXBY_COMPONENT_SET|NOT_SCORE_EVENT_AUTHORITY|NOT_DAPU_IR_AUTHORITY|NOT_SAMPLE_INGEST|NOT_ML_TRAINING_DATA|NOT_RENDER_OUTPUT|NEEDS_CANON_BUILDER_CROSSWALK_REVIEW
COMP-138,音位谱字,徽,音位谱字.zip,徽.png,sources/qxby_component_atlas/images/yinwei_puzi/COMP-138_徽.png,5d7081786fae7408249cf74e2dd2cc7b2cfac97ac9417bb38b4d4d0c40884ef8,,QXBY_FULL_COMPONENT_ATLAS_REFERENCE; NOT_SCORE_EVENT_AUTHORITY; NOT_DAPU_IR_AUTHORITY; NOT_SAMPLE_INGEST; NOT_ML_TRAINING_DATA; NOT_RENDER_OUTPUT,QXBY_FULL_COMPONENT_ATLAS_REFERENCE|SOURCE_REFERENCE_IMAGE|USER_PROVIDED_QXBY_COMPONENT_SET|NOT_SCORE_EVENT_AUTHORITY|NOT_DAPU_IR_AUTHORITY|NOT_SAMPLE_INGEST|NOT_ML_TRAINING_DATA|NOT_RENDER_OUTPUT|NEEDS_CANON_BUILDER_CROSSWALK_REVIEW
COMP-139,音位谱字,指,音位谱字.zip,指.png,sources/qxby_component_atlas/images/yinwei_puzi/COMP-139_指.png,a1463695bb7f8a995c2984e485830aad4ffa61af1732c45e5b3bd407d80c78c1,,QXBY_FULL_COMPONENT_ATLAS_REFERENCE; NOT_SCORE_EVENT_AUTHORITY; NOT_DAPU_IR_AUTHORITY; NOT_SAMPLE_INGEST; NOT_ML_TRAINING_DATA; NOT_RENDER_OUTPUT,QXBY_FULL_COMPONENT_ATLAS_REFERENCE|SOURCE_REFERENCE_IMAGE|USER_PROVIDED_QXBY_COMPONENT_SET|NOT_SCORE_EVENT_AUTHORITY|NOT_DAPU_IR_AUTHORITY|NOT_SAMPLE_INGEST|NOT_ML_TRAINING_DATA|NOT_RENDER_OUTPUT|NEEDS_CANON_BUILDER_CROSSWALK_REVIEW
COMP-140,音位谱字,按,音位谱字.zip,按.png,sources/qxby_component_atlas/images/yinwei_puzi/COMP-140_按.png,a1e62c02c374c1436b94f1fd6173865a3bb3056e48f602b7344ce7ef70be296b,,QXBY_FULL_COMPONENT_ATLAS_REFERENCE; NOT_SCORE_EVENT_AUTHORITY; NOT_DAPU_IR_AUTHORITY; NOT_SAMPLE_INGEST; NOT_ML_TRAINING_DATA; NOT_RENDER_OUTPUT,QXBY_FULL_COMPONENT_ATLAS_REFERENCE|SOURCE_REFERENCE_IMAGE|USER_PROVIDED_QXBY_COMPONENT_SET|NOT_SCORE_EVENT_AUTHORITY|NOT_DAPU_IR_AUTHORITY|NOT_SAMPLE_INGEST|NOT_ML_TRAINING_DATA|NOT_RENDER_OUTPUT|NEEDS_CANON_BUILDER_CROSSWALK_REVIEW
COMP-141,音位谱字,散,音位谱字.zip,散.png,sources/qxby_component_atlas/images/yinwei_puzi/COMP-141_散.png,b3744b8b17681086d4d483c5ed8ae257ece606a7453a7fe038ebe067a80107c3,,QXBY_FULL_COMPONENT_ATLAS_REFERENCE; NOT_SCORE_EVENT_AUTHORITY; NOT_DAPU_IR_AUTHORITY; NOT_SAMPLE_INGEST; NOT_ML_TRAINING_DATA; NOT_RENDER_OUTPUT,QXBY_FULL_COMPONENT_ATLAS_REFERENCE|SOURCE_REFERENCE_IMAGE|USER_PROVIDED_QXBY_COMPONENT_SET|NOT_SCORE_EVENT_AUTHORITY|NOT_DAPU_IR_AUTHORITY|NOT_SAMPLE_INGEST|NOT_ML_TRAINING_DATA|NOT_RENDER_OUTPUT|NEEDS_CANON_BUILDER_CROSSWALK_REVIEW
COMP-142,音位谱字,泛,音位谱字.zip,泛.png,sources/qxby_component_atlas/images/yinwei_puzi/COMP-142_泛.png,aa40bf0d51fdf0bf7203d9c069d89472e331d4fea59fc9bf7f6bbf9c23959fe3,,QXBY_FULL_COMPONENT_ATLAS_REFERENCE; NOT_SCORE_EVENT_AUTHORITY; NOT_DAPU_IR_AUTHORITY; NOT_SAMPLE_INGEST; NOT_ML_TRAINING_DATA; NOT_RENDER_OUTPUT,QXBY_FULL_COMPONENT_ATLAS_REFERENCE|SOURCE_REFERENCE_IMAGE|USER_PROVIDED_QXBY_COMPONENT_SET|NOT_SCORE_EVENT_AUTHORITY|NOT_DAPU_IR_AUTHORITY|NOT_SAMPLE_INGEST|NOT_ML_TRAINING_DATA|NOT_RENDER_OUTPUT|NEEDS_CANON_BUILDER_CROSSWALK_REVIEW
COMP-143,音位谱字,泛止,音位谱字.zip,泛止.png,sources/qxby_component_atlas/images/yinwei_puzi/COMP-143_泛止.png,0faa6e1db489267fedfd03f919f23d62c14d88485df357f724222d4ec5a4ea15,COMP-017,QXBY_FULL_COMPONENT_ATLAS_REFERENCE; NOT_SCORE_EVENT_AUTHORITY; NOT_DAPU_IR_AUTHORITY; NOT_SAMPLE_INGEST; NOT_ML_TRAINING_DATA; NOT_RENDER_OUTPUT,QXBY_FULL_COMPONENT_ATLAS_REFERENCE|SOURCE_REFERENCE_IMAGE|USER_PROVIDED_QXBY_COMPONENT_SET|NOT_SCORE_EVENT_AUTHORITY|NOT_DAPU_IR_AUTHORITY|NOT_SAMPLE_INGEST|NOT_ML_TRAINING_DATA|NOT_RENDER_OUTPUT|NEEDS_CANON_BUILDER_CROSSWALK_REVIEW
COMP-144,音位谱字,泛起,音位谱字.zip,泛起.png,sources/qxby_component_atlas/images/yinwei_puzi/COMP-144_泛起.png,8f79631a0dbf6c0f306a6f5024aa6904612b7d0b0cee1ef8a5ec442f3a04babb,COMP-002,QXBY_FULL_COMPONENT_ATLAS_REFERENCE; NOT_SCORE_EVENT_AUTHORITY; NOT_DAPU_IR_AUTHORITY; NOT_SAMPLE_INGEST; NOT_ML_TRAINING_DATA; NOT_RENDER_OUTPUT,QXBY_FULL_COMPONENT_ATLAS_REFERENCE|SOURCE_REFERENCE_IMAGE|USER_PROVIDED_QXBY_COMPONENT_SET|NOT_SCORE_EVENT_AUTHORITY|NOT_DAPU_IR_AUTHORITY|NOT_SAMPLE_INGEST|NOT_ML_TRAINING_DATA|NOT_RENDER_OUTPUT|NEEDS_CANON_BUILDER_CROSSWALK_REVIEW
COMP-145,右手指法-两弦双弹,三弹,右手指法-两弦双弹.zip,三弹.png,sources/qxby_component_atlas/images/rh_two_string_double_pluck/COMP-145_三弹.png,62265668e22d64bfdfffd71deaccfbfbcf341e0289938ac73544535b53cfb0c1,,QXBY_FULL_COMPONENT_ATLAS_REFERENCE; NOT_SCORE_EVENT_AUTHORITY; NOT_DAPU_IR_AUTHORITY; NOT_SAMPLE_INGEST; NOT_ML_TRAINING_DATA; NOT_RENDER_OUTPUT,QXBY_FULL_COMPONENT_ATLAS_REFERENCE|SOURCE_REFERENCE_IMAGE|USER_PROVIDED_QXBY_COMPONENT_SET|NOT_SCORE_EVENT_AUTHORITY|NOT_DAPU_IR_AUTHORITY|NOT_SAMPLE_INGEST|NOT_ML_TRAINING_DATA|NOT_RENDER_OUTPUT|NEEDS_CANON_BUILDER_CROSSWALK_REVIEW
COMP-146,右手指法-两弦双弹,伏,右手指法-两弦双弹.zip,伏.png,sources/qxby_component_atlas/images/rh_two_string_double_pluck/COMP-146_伏.png,6589f19571f1d3bfde9d97b4844a4b829d4f1a12c246dd349db476dc4e7d6b21,,QXBY_FULL_COMPONENT_ATLAS_REFERENCE; NOT_SCORE_EVENT_AUTHORITY; NOT_DAPU_IR_AUTHORITY; NOT_SAMPLE_INGEST; NOT_ML_TRAINING_DATA; NOT_RENDER_OUTPUT,QXBY_FULL_COMPONENT_ATLAS_REFERENCE|SOURCE_REFERENCE_IMAGE|USER_PROVIDED_QXBY_COMPONENT_SET|NOT_SCORE_EVENT_AUTHORITY|NOT_DAPU_IR_AUTHORITY|NOT_SAMPLE_INGEST|NOT_ML_TRAINING_DATA|NOT_RENDER_OUTPUT|NEEDS_CANON_BUILDER_CROSSWALK_REVIEW
COMP-147,右手指法-两弦双弹,全扶,右手指法-两弦双弹.zip,全扶.png,sources/qxby_component_atlas/images/rh_two_string_double_pluck/COMP-147_全扶.png,d6626b4a8f9209ffdab2c08ca3604087057799992c9632218c0392865042975f,,QXBY_FULL_COMPONENT_ATLAS_REFERENCE; NOT_SCORE_EVENT_AUTHORITY; NOT_DAPU_IR_AUTHORITY; NOT_SAMPLE_INGEST; NOT_ML_TRAINING_DATA; NOT_RENDER_OUTPUT,QXBY_FULL_COMPONENT_ATLAS_REFERENCE|SOURCE_REFERENCE_IMAGE|USER_PROVIDED_QXBY_COMPONENT_SET|NOT_SCORE_EVENT_AUTHORITY|NOT_DAPU_IR_AUTHORITY|NOT_SAMPLE_INGEST|NOT_ML_TRAINING_DATA|NOT_RENDER_OUTPUT|NEEDS_CANON_BUILDER_CROSSWALK_REVIEW
COMP-148,右手指法-两弦双弹,剌,右手指法-两弦双弹.zip,剌.png,sources/qxby_component_atlas/images/rh_two_string_double_pluck/COMP-148_剌.png,e1cd062460aea7c59d57ba186cabc043b9fe4455fdd2d06a526e62c9fb6bd83d,,QXBY_FULL_COMPONENT_ATLAS_REFERENCE; NOT_SCORE_EVENT_AUTHORITY; NOT_DAPU_IR_AUTHORITY; NOT_SAMPLE_INGEST; NOT_ML_TRAINING_DATA; NOT_RENDER_OUTPUT,QXBY_FULL_COMPONENT_ATLAS_REFERENCE|SOURCE_REFERENCE_IMAGE|USER_PROVIDED_QXBY_COMPONENT_SET|NOT_SCORE_EVENT_AUTHORITY|NOT_DAPU_IR_AUTHORITY|NOT_SAMPLE_INGEST|NOT_ML_TRAINING_DATA|NOT_RENDER_OUTPUT|NEEDS_CANON_BUILDER_CROSSWALK_REVIEW
COMP-149,右手指法-两弦双弹,半扶,右手指法-两弦双弹.zip,半扶.png,sources/qxby_component_atlas/images/rh_two_string_double_pluck/COMP-149_半扶.png,a56c31693f228e594dded8af541996921d3d6b9447345b2cde20c2ad070ad886,,QXBY_FULL_COMPONENT_ATLAS_REFERENCE; NOT_SCORE_EVENT_AUTHORITY; NOT_DAPU_IR_AUTHORITY; NOT_SAMPLE_INGEST; NOT_ML_TRAINING_DATA; NOT_RENDER_OUTPUT,QXBY_FULL_COMPONENT_ATLAS_REFERENCE|SOURCE_REFERENCE_IMAGE|USER_PROVIDED_QXBY_COMPONENT_SET|NOT_SCORE_EVENT_AUTHORITY|NOT_DAPU_IR_AUTHORITY|NOT_SAMPLE_INGEST|NOT_ML_TRAINING_DATA|NOT_RENDER_OUTPUT|NEEDS_CANON_BUILDER_CROSSWALK_REVIEW
COMP-150,右手指法-两弦双弹,双弹,右手指法-两弦双弹.zip,双弹.png,sources/qxby_component_atlas/images/rh_two_string_double_pluck/COMP-150_双弹.png,fbbded0ecdecaa48c946871952187b3a57bf89afea53cbf9514417c305d53296,COMP-038,QXBY_FULL_COMPONENT_ATLAS_REFERENCE; NOT_SCORE_EVENT_AUTHORITY; NOT_DAPU_IR_AUTHORITY; NOT_SAMPLE_INGEST; NOT_ML_TRAINING_DATA; NOT_RENDER_OUTPUT,QXBY_FULL_COMPONENT_ATLAS_REFERENCE|SOURCE_REFERENCE_IMAGE|USER_PROVIDED_QXBY_COMPONENT_SET|NOT_SCORE_EVENT_AUTHORITY|NOT_DAPU_IR_AUTHORITY|NOT_SAMPLE_INGEST|NOT_ML_TRAINING_DATA|NOT_RENDER_OUTPUT|NEEDS_CANON_BUILDER_CROSSWALK_REVIEW
COMP-151,右手指法-两弦双弹,反撮,右手指法-两弦双弹.zip,反撮.png,sources/qxby_component_atlas/images/rh_two_string_double_pluck/COMP-151_反撮.png,7c71d0904ad2a8876b91edb2e46d4ee5dfc0959c2736a4668a558b8912199770,,QXBY_FULL_COMPONENT_ATLAS_REFERENCE; NOT_SCORE_EVENT_AUTHORITY; NOT_DAPU_IR_AUTHORITY; NOT_SAMPLE_INGEST; NOT_ML_TRAINING_DATA; NOT_RENDER_OUTPUT,QXBY_FULL_COMPONENT_ATLAS_REFERENCE|SOURCE_REFERENCE_IMAGE|USER_PROVIDED_QXBY_COMPONENT_SET|NOT_SCORE_EVENT_AUTHORITY|NOT_DAPU_IR_AUTHORITY|NOT_SAMPLE_INGEST|NOT_ML_TRAINING_DATA|NOT_RENDER_OUTPUT|NEEDS_CANON_BUILDER_CROSSWALK_REVIEW
COMP-152,右手指法-两弦双弹,大撮,右手指法-两弦双弹.zip,大撮.png,sources/qxby_component_atlas/images/rh_two_string_double_pluck/COMP-152_大撮.png,c63a5e2e02b151f1f82ec8ae60d164802ffadcb2b00a2f51bf63884af8681b2e,,QXBY_FULL_COMPONENT_ATLAS_REFERENCE; NOT_SCORE_EVENT_AUTHORITY; NOT_DAPU_IR_AUTHORITY; NOT_SAMPLE_INGEST; NOT_ML_TRAINING_DATA; NOT_RENDER_OUTPUT,QXBY_FULL_COMPONENT_ATLAS_REFERENCE|SOURCE_REFERENCE_IMAGE|USER_PROVIDED_QXBY_COMPONENT_SET|NOT_SCORE_EVENT_AUTHORITY|NOT_DAPU_IR_AUTHORITY|NOT_SAMPLE_INGEST|NOT_ML_TRAINING_DATA|NOT_RENDER_OUTPUT|NEEDS_CANON_BUILDER_CROSSWALK_REVIEW
COMP-153,右手指法-两弦双弹,如一,右手指法-两弦双弹.zip,如一.png,sources/qxby_component_atlas/images/rh_two_string_double_pluck/COMP-153_如一.png,99cf400a43badc89750928f1dcc02fb41941370a36ad842fa6959923df72274f,,QXBY_FULL_COMPONENT_ATLAS_REFERENCE; NOT_SCORE_EVENT_AUTHORITY; NOT_DAPU_IR_AUTHORITY; NOT_SAMPLE_INGEST; NOT_ML_TRAINING_DATA; NOT_RENDER_OUTPUT,QXBY_FULL_COMPONENT_ATLAS_REFERENCE|SOURCE_REFERENCE_IMAGE|USER_PROVIDED_QXBY_COMPONENT_SET|NOT_SCORE_EVENT_AUTHORITY|NOT_DAPU_IR_AUTHORITY|NOT_SAMPLE_INGEST|NOT_ML_TRAINING_DATA|NOT_RENDER_OUTPUT|NEEDS_CANON_BUILDER_CROSSWALK_REVIEW
COMP-154,右手指法-两弦双弹,弹,右手指法-两弦双弹.zip,弹.png,sources/qxby_component_atlas/images/rh_two_string_double_pluck/COMP-154_弹.png,5898760cef10d804a116a06f9f557a966290e964044a7fb146c16c052af37721,,QXBY_FULL_COMPONENT_ATLAS_REFERENCE; NOT_SCORE_EVENT_AUTHORITY; NOT_DAPU_IR_AUTHORITY; NOT_SAMPLE_INGEST; NOT_ML_TRAINING_DATA; NOT_RENDER_OUTPUT,QXBY_FULL_COMPONENT_ATLAS_REFERENCE|SOURCE_REFERENCE_IMAGE|USER_PROVIDED_QXBY_COMPONENT_SET|NOT_SCORE_EVENT_AUTHORITY|NOT_DAPU_IR_AUTHORITY|NOT_SAMPLE_INGEST|NOT_ML_TRAINING_DATA|NOT_RENDER_OUTPUT|NEEDS_CANON_BUILDER_CROSSWALK_REVIEW
COMP-155,右手指法-两弦双弹,掐撮三声,右手指法-两弦双弹.zip,掐撮三声.png,sources/qxby_component_atlas/images/rh_two_string_double_pluck/COMP-155_掐撮三声.png,214e715e2676cefac2579c8af8ac1444a88caf11115f7e3fc3ede3314832ede7,,QXBY_FULL_COMPONENT_ATLAS_REFERENCE; NOT_SCORE_EVENT_AUTHORITY; NOT_DAPU_IR_AUTHORITY; NOT_SAMPLE_INGEST; NOT_ML_TRAINING_DATA; NOT_RENDER_OUTPUT,QXBY_FULL_COMPONENT_ATLAS_REFERENCE|SOURCE_REFERENCE_IMAGE|USER_PROVIDED_QXBY_COMPONENT_SET|NOT_SCORE_EVENT_AUTHORITY|NOT_DAPU_IR_AUTHORITY|NOT_SAMPLE_INGEST|NOT_ML_TRAINING_DATA|NOT_RENDER_OUTPUT|NEEDS_CANON_BUILDER_CROSSWALK_REVIEW
COMP-156,右手指法-两弦双弹,掐泼剌三声,右手指法-两弦双弹.zip,掐泼剌三声.png,sources/qxby_component_atlas/images/rh_two_string_double_pluck/COMP-156_掐泼剌三声.png,6ffed26492e808bb314a8ade4b0f94aaa7cbe68621967952e2613470b0c03e82,,QXBY_FULL_COMPONENT_ATLAS_REFERENCE; NOT_SCORE_EVENT_AUTHORITY; NOT_DAPU_IR_AUTHORITY; NOT_SAMPLE_INGEST; NOT_ML_TRAINING_DATA; NOT_RENDER_OUTPUT,QXBY_FULL_COMPONENT_ATLAS_REFERENCE|SOURCE_REFERENCE_IMAGE|USER_PROVIDED_QXBY_COMPONENT_SET|NOT_SCORE_EVENT_AUTHORITY|NOT_DAPU_IR_AUTHORITY|NOT_SAMPLE_INGEST|NOT_ML_TRAINING_DATA|NOT_RENDER_OUTPUT|NEEDS_CANON_BUILDER_CROSSWALK_REVIEW
COMP-157,右手指法-两弦双弹,搂圆,右手指法-两弦双弹.zip,搂圆.png,sources/qxby_component_atlas/images/rh_two_string_double_pluck/COMP-157_搂圆.png,29c8d12771a535c586f2eb600bc3f0719e2ec8b61d9f41569e025c9c177e9c37,,QXBY_FULL_COMPONENT_ATLAS_REFERENCE; NOT_SCORE_EVENT_AUTHORITY; NOT_DAPU_IR_AUTHORITY; NOT_SAMPLE_INGEST; NOT_ML_TRAINING_DATA; NOT_RENDER_OUTPUT,QXBY_FULL_COMPONENT_ATLAS_REFERENCE|SOURCE_REFERENCE_IMAGE|USER_PROVIDED_QXBY_COMPONENT_SET|NOT_SCORE_EVENT_AUTHORITY|NOT_DAPU_IR_AUTHORITY|NOT_SAMPLE_INGEST|NOT_ML_TRAINING_DATA|NOT_RENDER_OUTPUT|NEEDS_CANON_BUILDER_CROSSWALK_REVIEW
COMP-158,右手指法-两弦双弹,摘泼剌,右手指法-两弦双弹.zip,摘泼剌.png,sources/qxby_component_atlas/images/rh_two_string_double_pluck/COMP-158_摘泼剌.png,dc4e3927e912f97c2de251802583462bc9f1fb87f666530a1ff3259cf8d0cc8b,,QXBY_FULL_COMPONENT_ATLAS_REFERENCE; NOT_SCORE_EVENT_AUTHORITY; NOT_DAPU_IR_AUTHORITY; NOT_SAMPLE_INGEST; NOT_ML_TRAINING_DATA; NOT_RENDER_OUTPUT,QXBY_FULL_COMPONENT_ATLAS_REFERENCE|SOURCE_REFERENCE_IMAGE|USER_PROVIDED_QXBY_COMPONENT_SET|NOT_SCORE_EVENT_AUTHORITY|NOT_DAPU_IR_AUTHORITY|NOT_SAMPLE_INGEST|NOT_ML_TRAINING_DATA|NOT_RENDER_OUTPUT|NEEDS_CANON_BUILDER_CROSSWALK_REVIEW
COMP-159,右手指法-两弦双弹,撮,右手指法-两弦双弹.zip,撮.png,sources/qxby_component_atlas/images/rh_two_string_double_pluck/COMP-159_撮.png,19f386bd25498a5eb265a0f32bdfbb5d9a3b80ff5f460628368463d82c25f7b9,,QXBY_FULL_COMPONENT_ATLAS_REFERENCE; NOT_SCORE_EVENT_AUTHORITY; NOT_DAPU_IR_AUTHORITY; NOT_SAMPLE_INGEST; NOT_ML_TRAINING_DATA; NOT_RENDER_OUTPUT,QXBY_FULL_COMPONENT_ATLAS_REFERENCE|SOURCE_REFERENCE_IMAGE|USER_PROVIDED_QXBY_COMPONENT_SET|NOT_SCORE_EVENT_AUTHORITY|NOT_DAPU_IR_AUTHORITY|NOT_SAMPLE_INGEST|NOT_ML_TRAINING_DATA|NOT_RENDER_OUTPUT|NEEDS_CANON_BUILDER_CROSSWALK_REVIEW
COMP-160,右手指法-两弦双弹,泼,右手指法-两弦双弹.zip,泼.png,sources/qxby_component_atlas/images/rh_two_string_double_pluck/COMP-160_泼.png,74f45109f4ca94fca8b83e16c6315fc6b80daf331941877ed35828806f6b12ef,,QXBY_FULL_COMPONENT_ATLAS_REFERENCE; NOT_SCORE_EVENT_AUTHORITY; NOT_DAPU_IR_AUTHORITY; NOT_SAMPLE_INGEST; NOT_ML_TRAINING_DATA; NOT_RENDER_OUTPUT,QXBY_FULL_COMPONENT_ATLAS_REFERENCE|SOURCE_REFERENCE_IMAGE|USER_PROVIDED_QXBY_COMPONENT_SET|NOT_SCORE_EVENT_AUTHORITY|NOT_DAPU_IR_AUTHORITY|NOT_SAMPLE_INGEST|NOT_ML_TRAINING_DATA|NOT_RENDER_OUTPUT|NEEDS_CANON_BUILDER_CROSSWALK_REVIEW
COMP-161,右手指法-两弦双弹,泼剌,右手指法-两弦双弹.zip,泼剌.png,sources/qxby_component_atlas/images/rh_two_string_double_pluck/COMP-161_泼剌.png,1355629eb13a3ebf8d812010755b9df7a97d65c9e2c0f33c07b69e9f17c2e5b5,,QXBY_FULL_COMPONENT_ATLAS_REFERENCE; NOT_SCORE_EVENT_AUTHORITY; NOT_DAPU_IR_AUTHORITY; NOT_SAMPLE_INGEST; NOT_ML_TRAINING_DATA; NOT_RENDER_OUTPUT,QXBY_FULL_COMPONENT_ATLAS_REFERENCE|SOURCE_REFERENCE_IMAGE|USER_PROVIDED_QXBY_COMPONENT_SET|NOT_SCORE_EVENT_AUTHORITY|NOT_DAPU_IR_AUTHORITY|NOT_SAMPLE_INGEST|NOT_ML_TRAINING_DATA|NOT_RENDER_OUTPUT|NEEDS_CANON_BUILDER_CROSSWALK_REVIEW
COMP-162,右手指法-数弦连弹,临,右手指法-数弦连弹.zip,临.png,sources/qxby_component_atlas/images/rh_multi_string_sequence/COMP-162_临.png,540442b3dc7d1890417039c923e2c900ce3522016e995b26ba0fdcbc1c6eb65b,,QXBY_FULL_COMPONENT_ATLAS_REFERENCE; NOT_SCORE_EVENT_AUTHORITY; NOT_DAPU_IR_AUTHORITY; NOT_SAMPLE_INGEST; NOT_ML_TRAINING_DATA; NOT_RENDER_OUTPUT,QXBY_FULL_COMPONENT_ATLAS_REFERENCE|SOURCE_REFERENCE_IMAGE|USER_PROVIDED_QXBY_COMPONENT_SET|NOT_SCORE_EVENT_AUTHORITY|NOT_DAPU_IR_AUTHORITY|NOT_SAMPLE_INGEST|NOT_ML_TRAINING_DATA|NOT_RENDER_OUTPUT|NEEDS_CANON_BUILDER_CROSSWALK_REVIEW
COMP-163,右手指法-数弦连弹,历,右手指法-数弦连弹.zip,历.png,sources/qxby_component_atlas/images/rh_multi_string_sequence/COMP-163_历.png,1abaec1222115f0bc0cefd17f5701becef1169275452d583c38874ae568a7fb0,COMP-014,QXBY_FULL_COMPONENT_ATLAS_REFERENCE; NOT_SCORE_EVENT_AUTHORITY; NOT_DAPU_IR_AUTHORITY; NOT_SAMPLE_INGEST; NOT_ML_TRAINING_DATA; NOT_RENDER_OUTPUT,QXBY_FULL_COMPONENT_ATLAS_REFERENCE|SOURCE_REFERENCE_IMAGE|USER_PROVIDED_QXBY_COMPONENT_SET|NOT_SCORE_EVENT_AUTHORITY|NOT_DAPU_IR_AUTHORITY|NOT_SAMPLE_INGEST|NOT_ML_TRAINING_DATA|NOT_RENDER_OUTPUT|NEEDS_CANON_BUILDER_CROSSWALK_REVIEW
COMP-164,右手指法-数弦连弹,大间勾,右手指法-数弦连弹.zip,大间勾.png,sources/qxby_component_atlas/images/rh_multi_string_sequence/COMP-164_大间勾.png,93422bab24bc879e146de13cc37b77719f31571e0c108cf3d947ca0f292ffdea,,QXBY_FULL_COMPONENT_ATLAS_REFERENCE; NOT_SCORE_EVENT_AUTHORITY; NOT_DAPU_IR_AUTHORITY; NOT_SAMPLE_INGEST; NOT_ML_TRAINING_DATA; NOT_RENDER_OUTPUT,QXBY_FULL_COMPONENT_ATLAS_REFERENCE|SOURCE_REFERENCE_IMAGE|USER_PROVIDED_QXBY_COMPONENT_SET|NOT_SCORE_EVENT_AUTHORITY|NOT_DAPU_IR_AUTHORITY|NOT_SAMPLE_INGEST|NOT_ML_TRAINING_DATA|NOT_RENDER_OUTPUT|NEEDS_CANON_BUILDER_CROSSWALK_REVIEW
COMP-165,右手指法-数弦连弹,小间勾,右手指法-数弦连弹.zip,小间勾.png,sources/qxby_component_atlas/images/rh_multi_string_sequence/COMP-165_小间勾.png,ed7157e89e8661751cb818d26ddef102e08a76678acec3c049442e0e0eebff77,,QXBY_FULL_COMPONENT_ATLAS_REFERENCE; NOT_SCORE_EVENT_AUTHORITY; NOT_DAPU_IR_AUTHORITY; NOT_SAMPLE_INGEST; NOT_ML_TRAINING_DATA; NOT_RENDER_OUTPUT,QXBY_FULL_COMPONENT_ATLAS_REFERENCE|SOURCE_REFERENCE_IMAGE|USER_PROVIDED_QXBY_COMPONENT_SET|NOT_SCORE_EVENT_AUTHORITY|NOT_DAPU_IR_AUTHORITY|NOT_SAMPLE_INGEST|NOT_ML_TRAINING_DATA|NOT_RENDER_OUTPUT|NEEDS_CANON_BUILDER_CROSSWALK_REVIEW
COMP-166,右手指法-数弦连弹,打圆,右手指法-数弦连弹.zip,打圆.png,sources/qxby_component_atlas/images/rh_multi_string_sequence/COMP-166_打圆.png,c22837f94fe386229aa1b8924364c58ea163df903151f2e00b7ebc08ef256d0d,,QXBY_FULL_COMPONENT_ATLAS_REFERENCE; NOT_SCORE_EVENT_AUTHORITY; NOT_DAPU_IR_AUTHORITY; NOT_SAMPLE_INGEST; NOT_ML_TRAINING_DATA; NOT_RENDER_OUTPUT,QXBY_FULL_COMPONENT_ATLAS_REFERENCE|SOURCE_REFERENCE_IMAGE|USER_PROVIDED_QXBY_COMPONENT_SET|NOT_SCORE_EVENT_AUTHORITY|NOT_DAPU_IR_AUTHORITY|NOT_SAMPLE_INGEST|NOT_ML_TRAINING_DATA|NOT_RENDER_OUTPUT|NEEDS_CANON_BUILDER_CROSSWALK_REVIEW
COMP-167,右手指法-数弦连弹,拂,右手指法-数弦连弹.zip,拂.png,sources/qxby_component_atlas/images/rh_multi_string_sequence/COMP-167_拂.png,ce7238931cfec6b4be5abeef976c06d37b9c2a4fea3992f7f6c722c02be58c49,,QXBY_FULL_COMPONENT_ATLAS_REFERENCE; NOT_SCORE_EVENT_AUTHORITY; NOT_DAPU_IR_AUTHORITY; NOT_SAMPLE_INGEST; NOT_ML_TRAINING_DATA; NOT_RENDER_OUTPUT,QXBY_FULL_COMPONENT_ATLAS_REFERENCE|SOURCE_REFERENCE_IMAGE|USER_PROVIDED_QXBY_COMPONENT_SET|NOT_SCORE_EVENT_AUTHORITY|NOT_DAPU_IR_AUTHORITY|NOT_SAMPLE_INGEST|NOT_ML_TRAINING_DATA|NOT_RENDER_OUTPUT|NEEDS_CANON_BUILDER_CROSSWALK_REVIEW
COMP-168,右手指法-数弦连弹,滚,右手指法-数弦连弹.zip,滚.png,sources/qxby_component_atlas/images/rh_multi_string_sequence/COMP-168_滚.png,ccf86546d9f2bff007f57dd419ced5bcfb7d38fd427abba72f0dfcc4eb10940d,,QXBY_FULL_COMPONENT_ATLAS_REFERENCE; NOT_SCORE_EVENT_AUTHORITY; NOT_DAPU_IR_AUTHORITY; NOT_SAMPLE_INGEST; NOT_ML_TRAINING_DATA; NOT_RENDER_OUTPUT,QXBY_FULL_COMPONENT_ATLAS_REFERENCE|SOURCE_REFERENCE_IMAGE|USER_PROVIDED_QXBY_COMPONENT_SET|NOT_SCORE_EVENT_AUTHORITY|NOT_DAPU_IR_AUTHORITY|NOT_SAMPLE_INGEST|NOT_ML_TRAINING_DATA|NOT_RENDER_OUTPUT|NEEDS_CANON_BUILDER_CROSSWALK_REVIEW
COMP-169,右手指法-数弦连弹,滚拂,右手指法-数弦连弹.zip,滚拂.png,sources/qxby_component_atlas/images/rh_multi_string_sequence/COMP-169_滚拂.png,f1d96d8d9099538de38d31d4643d6eacd06db7362544b086b8eeae0f9fd230dd,,QXBY_FULL_COMPONENT_ATLAS_REFERENCE; NOT_SCORE_EVENT_AUTHORITY; NOT_DAPU_IR_AUTHORITY; NOT_SAMPLE_INGEST; NOT_ML_TRAINING_DATA; NOT_RENDER_OUTPUT,QXBY_FULL_COMPONENT_ATLAS_REFERENCE|SOURCE_REFERENCE_IMAGE|USER_PROVIDED_QXBY_COMPONENT_SET|NOT_SCORE_EVENT_AUTHORITY|NOT_DAPU_IR_AUTHORITY|NOT_SAMPLE_INGEST|NOT_ML_TRAINING_DATA|NOT_RENDER_OUTPUT|NEEDS_CANON_BUILDER_CROSSWALK_REVIEW
COMP-170,右手指法-数弦连弹,索铃,右手指法-数弦连弹.zip,索铃.png,sources/qxby_component_atlas/images/rh_multi_string_sequence/COMP-170_索铃.png,8c7e96090483f82aa068c9659b6272639c748d669af16e38ecfc366c6ab7bb24,,QXBY_FULL_COMPONENT_ATLAS_REFERENCE; NOT_SCORE_EVENT_AUTHORITY; NOT_DAPU_IR_AUTHORITY; NOT_SAMPLE_INGEST; NOT_ML_TRAINING_DATA; NOT_RENDER_OUTPUT,QXBY_FULL_COMPONENT_ATLAS_REFERENCE|SOURCE_REFERENCE_IMAGE|USER_PROVIDED_QXBY_COMPONENT_SET|NOT_SCORE_EVENT_AUTHORITY|NOT_DAPU_IR_AUTHORITY|NOT_SAMPLE_INGEST|NOT_ML_TRAINING_DATA|NOT_RENDER_OUTPUT|NEEDS_CANON_BUILDER_CROSSWALK_REVIEW
COMP-171,右手指法-一弦单弹,倒锁,右手指法-一弦单弹.zip,倒锁.png,sources/qxby_component_atlas/images/rh_single_string_pluck/COMP-171_倒锁.png,e55b2ebd6d1fa436087d9d6b2f9d0c5ca8914bf226432f6422e13826d5a8b4a0,,QXBY_FULL_COMPONENT_ATLAS_REFERENCE; NOT_SCORE_EVENT_AUTHORITY; NOT_DAPU_IR_AUTHORITY; NOT_SAMPLE_INGEST; NOT_ML_TRAINING_DATA; NOT_RENDER_OUTPUT,QXBY_FULL_COMPONENT_ATLAS_REFERENCE|SOURCE_REFERENCE_IMAGE|USER_PROVIDED_QXBY_COMPONENT_SET|NOT_SCORE_EVENT_AUTHORITY|NOT_DAPU_IR_AUTHORITY|NOT_SAMPLE_INGEST|NOT_ML_TRAINING_DATA|NOT_RENDER_OUTPUT|NEEDS_CANON_BUILDER_CROSSWALK_REVIEW
COMP-172,右手指法-一弦单弹,剔,右手指法-一弦单弹.zip,剔.png,sources/qxby_component_atlas/images/rh_single_string_pluck/COMP-172_剔.png,55a2e33ae301f28040c1e5134212540a1a901b98b5b7cb5c5780cfc61aa8e5ef,COMP-037,QXBY_FULL_COMPONENT_ATLAS_REFERENCE; NOT_SCORE_EVENT_AUTHORITY; NOT_DAPU_IR_AUTHORITY; NOT_SAMPLE_INGEST; NOT_ML_TRAINING_DATA; NOT_RENDER_OUTPUT,QXBY_FULL_COMPONENT_ATLAS_REFERENCE|SOURCE_REFERENCE_IMAGE|USER_PROVIDED_QXBY_COMPONENT_SET|NOT_SCORE_EVENT_AUTHORITY|NOT_DAPU_IR_AUTHORITY|NOT_SAMPLE_INGEST|NOT_ML_TRAINING_DATA|NOT_RENDER_OUTPUT|NEEDS_CANON_BUILDER_CROSSWALK_REVIEW
COMP-173,右手指法-一弦单弹,勾,右手指法-一弦单弹.zip,勾.png,sources/qxby_component_atlas/images/rh_single_string_pluck/COMP-173_勾.png,c4e9fcc0e810c9655e2b8994015a7d53e60968a70303f573137fe771db1cffee,COMP-020,QXBY_FULL_COMPONENT_ATLAS_REFERENCE; NOT_SCORE_EVENT_AUTHORITY; NOT_DAPU_IR_AUTHORITY; NOT_SAMPLE_INGEST; NOT_ML_TRAINING_DATA; NOT_RENDER_OUTPUT,QXBY_FULL_COMPONENT_ATLAS_REFERENCE|SOURCE_REFERENCE_IMAGE|USER_PROVIDED_QXBY_COMPONENT_SET|NOT_SCORE_EVENT_AUTHORITY|NOT_DAPU_IR_AUTHORITY|NOT_SAMPLE_INGEST|NOT_ML_TRAINING_DATA|NOT_RENDER_OUTPUT|NEEDS_CANON_BUILDER_CROSSWALK_REVIEW
COMP-174,右手指法-一弦单弹,勾剔,右手指法-一弦单弹.zip,勾剔.png,sources/qxby_component_atlas/images/rh_single_string_pluck/COMP-174_勾剔.png,d818c3b3eeab8e1f74d59f3bb106d6a784f82c3260d472e37befc5a934c54749,,QXBY_FULL_COMPONENT_ATLAS_REFERENCE; NOT_SCORE_EVENT_AUTHORITY; NOT_DAPU_IR_AUTHORITY; NOT_SAMPLE_INGEST; NOT_ML_TRAINING_DATA; NOT_RENDER_OUTPUT,QXBY_FULL_COMPONENT_ATLAS_REFERENCE|SOURCE_REFERENCE_IMAGE|USER_PROVIDED_QXBY_COMPONENT_SET|NOT_SCORE_EVENT_AUTHORITY|NOT_DAPU_IR_AUTHORITY|NOT_SAMPLE_INGEST|NOT_ML_TRAINING_DATA|NOT_RENDER_OUTPUT|NEEDS_CANON_BUILDER_CROSSWALK_REVIEW
COMP-175,右手指法-一弦单弹,半轮,右手指法-一弦单弹.zip,半轮.png,sources/qxby_component_atlas/images/rh_single_string_pluck/COMP-175_半轮.png,e18095c5a199ca2e6366b602fdd0a48e507712a6e9fb3c5d88a7cc777a94a9d7,,QXBY_FULL_COMPONENT_ATLAS_REFERENCE; NOT_SCORE_EVENT_AUTHORITY; NOT_DAPU_IR_AUTHORITY; NOT_SAMPLE_INGEST; NOT_ML_TRAINING_DATA; NOT_RENDER_OUTPUT,QXBY_FULL_COMPONENT_ATLAS_REFERENCE|SOURCE_REFERENCE_IMAGE|USER_PROVIDED_QXBY_COMPONENT_SET|NOT_SCORE_EVENT_AUTHORITY|NOT_DAPU_IR_AUTHORITY|NOT_SAMPLE_INGEST|NOT_ML_TRAINING_DATA|NOT_RENDER_OUTPUT|NEEDS_CANON_BUILDER_CROSSWALK_REVIEW
COMP-176,右手指法-一弦单弹,反锁,右手指法-一弦单弹.zip,反锁.png,sources/qxby_component_atlas/images/rh_single_string_pluck/COMP-176_反锁.png,7624e6a7b35fc551ab61a224eae2e1583d4c3dc9ec3f4dfb609666a5f1dab065,,QXBY_FULL_COMPONENT_ATLAS_REFERENCE; NOT_SCORE_EVENT_AUTHORITY; NOT_DAPU_IR_AUTHORITY; NOT_SAMPLE_INGEST; NOT_ML_TRAINING_DATA; NOT_RENDER_OUTPUT,QXBY_FULL_COMPONENT_ATLAS_REFERENCE|SOURCE_REFERENCE_IMAGE|USER_PROVIDED_QXBY_COMPONENT_SET|NOT_SCORE_EVENT_AUTHORITY|NOT_DAPU_IR_AUTHORITY|NOT_SAMPLE_INGEST|NOT_ML_TRAINING_DATA|NOT_RENDER_OUTPUT|NEEDS_CANON_BUILDER_CROSSWALK_REVIEW
COMP-177,右手指法-一弦单弹,叠涓,右手指法-一弦单弹.zip,叠涓.png,sources/qxby_component_atlas/images/rh_single_string_pluck/COMP-177_叠涓.png,2c9d3055818db70cc4bcd6f37dcd0235d7b781500d3b1b8144feec61514860e4,,QXBY_FULL_COMPONENT_ATLAS_REFERENCE; NOT_SCORE_EVENT_AUTHORITY; NOT_DAPU_IR_AUTHORITY; NOT_SAMPLE_INGEST; NOT_ML_TRAINING_DATA; NOT_RENDER_OUTPUT,QXBY_FULL_COMPONENT_ATLAS_REFERENCE|SOURCE_REFERENCE_IMAGE|USER_PROVIDED_QXBY_COMPONENT_SET|NOT_SCORE_EVENT_AUTHORITY|NOT_DAPU_IR_AUTHORITY|NOT_SAMPLE_INGEST|NOT_ML_TRAINING_DATA|NOT_RENDER_OUTPUT|NEEDS_CANON_BUILDER_CROSSWALK_REVIEW
COMP-178,右手指法-一弦单弹,大锁,右手指法-一弦单弹.zip,大锁.png,sources/qxby_component_atlas/images/rh_single_string_pluck/COMP-178_大锁.png,69f74605125c5f51b7c9baf4764c16f3d1eb2298c8ff4facff3f6999a16367ad,,QXBY_FULL_COMPONENT_ATLAS_REFERENCE; NOT_SCORE_EVENT_AUTHORITY; NOT_DAPU_IR_AUTHORITY; NOT_SAMPLE_INGEST; NOT_ML_TRAINING_DATA; NOT_RENDER_OUTPUT,QXBY_FULL_COMPONENT_ATLAS_REFERENCE|SOURCE_REFERENCE_IMAGE|USER_PROVIDED_QXBY_COMPONENT_SET|NOT_SCORE_EVENT_AUTHORITY|NOT_DAPU_IR_AUTHORITY|NOT_SAMPLE_INGEST|NOT_ML_TRAINING_DATA|NOT_RENDER_OUTPUT|NEEDS_CANON_BUILDER_CROSSWALK_REVIEW
COMP-179,右手指法-一弦单弹,小锁,右手指法-一弦单弹.zip,小锁.png,sources/qxby_component_atlas/images/rh_single_string_pluck/COMP-179_小锁.png,9bf9c443d2de8a30fb78756a441f93c385f3c76d44779ad37af2ebcfeafa915b,,QXBY_FULL_COMPONENT_ATLAS_REFERENCE; NOT_SCORE_EVENT_AUTHORITY; NOT_DAPU_IR_AUTHORITY; NOT_SAMPLE_INGEST; NOT_ML_TRAINING_DATA; NOT_RENDER_OUTPUT,QXBY_FULL_COMPONENT_ATLAS_REFERENCE|SOURCE_REFERENCE_IMAGE|USER_PROVIDED_QXBY_COMPONENT_SET|NOT_SCORE_EVENT_AUTHORITY|NOT_DAPU_IR_AUTHORITY|NOT_SAMPLE_INGEST|NOT_ML_TRAINING_DATA|NOT_RENDER_OUTPUT|NEEDS_CANON_BUILDER_CROSSWALK_REVIEW
COMP-180,右手指法-一弦单弹,打,右手指法-一弦单弹.zip,打.png,sources/qxby_component_atlas/images/rh_single_string_pluck/COMP-180_打.png,50ee366e8f8ab1e316eaa896ad823cfff21c91600d48c5f81a43cf276de37c9a,,QXBY_FULL_COMPONENT_ATLAS_REFERENCE; NOT_SCORE_EVENT_AUTHORITY; NOT_DAPU_IR_AUTHORITY; NOT_SAMPLE_INGEST; NOT_ML_TRAINING_DATA; NOT_RENDER_OUTPUT,QXBY_FULL_COMPONENT_ATLAS_REFERENCE|SOURCE_REFERENCE_IMAGE|USER_PROVIDED_QXBY_COMPONENT_SET|NOT_SCORE_EVENT_AUTHORITY|NOT_DAPU_IR_AUTHORITY|NOT_SAMPLE_INGEST|NOT_ML_TRAINING_DATA|NOT_RENDER_OUTPUT|NEEDS_CANON_BUILDER_CROSSWALK_REVIEW
COMP-181,右手指法-一弦单弹,打摘,右手指法-一弦单弹.zip,打摘.png,sources/qxby_component_atlas/images/rh_single_string_pluck/COMP-181_打摘.png,0cd9c68f5f899765f7a4550dff7ed3e25bd7bfe65887c82467ad87437efd6a17,,QXBY_FULL_COMPONENT_ATLAS_REFERENCE; NOT_SCORE_EVENT_AUTHORITY; NOT_DAPU_IR_AUTHORITY; NOT_SAMPLE_INGEST; NOT_ML_TRAINING_DATA; NOT_RENDER_OUTPUT,QXBY_FULL_COMPONENT_ATLAS_REFERENCE|SOURCE_REFERENCE_IMAGE|USER_PROVIDED_QXBY_COMPONENT_SET|NOT_SCORE_EVENT_AUTHORITY|NOT_DAPU_IR_AUTHORITY|NOT_SAMPLE_INGEST|NOT_ML_TRAINING_DATA|NOT_RENDER_OUTPUT|NEEDS_CANON_BUILDER_CROSSWALK_REVIEW
COMP-182,右手指法-一弦单弹,托,右手指法-一弦单弹.zip,托.png,sources/qxby_component_atlas/images/rh_single_string_pluck/COMP-182_托.png,39fe37978e8f95dda19277638b3e77b079e6b6d38f5e9c46b12c0aea090e34ab,COMP-001,QXBY_FULL_COMPONENT_ATLAS_REFERENCE; NOT_SCORE_EVENT_AUTHORITY; NOT_DAPU_IR_AUTHORITY; NOT_SAMPLE_INGEST; NOT_ML_TRAINING_DATA; NOT_RENDER_OUTPUT,QXBY_FULL_COMPONENT_ATLAS_REFERENCE|SOURCE_REFERENCE_IMAGE|USER_PROVIDED_QXBY_COMPONENT_SET|NOT_SCORE_EVENT_AUTHORITY|NOT_DAPU_IR_AUTHORITY|NOT_SAMPLE_INGEST|NOT_ML_TRAINING_DATA|NOT_RENDER_OUTPUT|NEEDS_CANON_BUILDER_CROSSWALK_REVIEW
COMP-183,右手指法-一弦单弹,抹,右手指法-一弦单弹.zip,抹.png,sources/qxby_component_atlas/images/rh_single_string_pluck/COMP-183_抹.png,dd1d03ec9174741ad45efd031bc80c7f05dd17d1c5a7327e0aa103c8a011df09,,QXBY_FULL_COMPONENT_ATLAS_REFERENCE; NOT_SCORE_EVENT_AUTHORITY; NOT_DAPU_IR_AUTHORITY; NOT_SAMPLE_INGEST; NOT_ML_TRAINING_DATA; NOT_RENDER_OUTPUT,QXBY_FULL_COMPONENT_ATLAS_REFERENCE|SOURCE_REFERENCE_IMAGE|USER_PROVIDED_QXBY_COMPONENT_SET|NOT_SCORE_EVENT_AUTHORITY|NOT_DAPU_IR_AUTHORITY|NOT_SAMPLE_INGEST|NOT_ML_TRAINING_DATA|NOT_RENDER_OUTPUT|NEEDS_CANON_BUILDER_CROSSWALK_REVIEW
COMP-184,右手指法-一弦单弹,抹勾,右手指法-一弦单弹.zip,抹勾.png,sources/qxby_component_atlas/images/rh_single_string_pluck/COMP-184_抹勾.png,b90ac71f8001224ebdbaeb064c87dc8ba2fbb9acb0e099b761c15f769d8edd5d,,QXBY_FULL_COMPONENT_ATLAS_REFERENCE; NOT_SCORE_EVENT_AUTHORITY; NOT_DAPU_IR_AUTHORITY; NOT_SAMPLE_INGEST; NOT_ML_TRAINING_DATA; NOT_RENDER_OUTPUT,QXBY_FULL_COMPONENT_ATLAS_REFERENCE|SOURCE_REFERENCE_IMAGE|USER_PROVIDED_QXBY_COMPONENT_SET|NOT_SCORE_EVENT_AUTHORITY|NOT_DAPU_IR_AUTHORITY|NOT_SAMPLE_INGEST|NOT_ML_TRAINING_DATA|NOT_RENDER_OUTPUT|NEEDS_CANON_BUILDER_CROSSWALK_REVIEW
COMP-185,右手指法-一弦单弹,抹挑,右手指法-一弦单弹.zip,抹挑.png,sources/qxby_component_atlas/images/rh_single_string_pluck/COMP-185_抹挑.png,01e5026bc9c8fcf015def51bb9b6d56e3fadbf56d39866fb65e9a71ae8aa0ef0,COMP-031,QXBY_FULL_COMPONENT_ATLAS_REFERENCE; NOT_SCORE_EVENT_AUTHORITY; NOT_DAPU_IR_AUTHORITY; NOT_SAMPLE_INGEST; NOT_ML_TRAINING_DATA; NOT_RENDER_OUTPUT,QXBY_FULL_COMPONENT_ATLAS_REFERENCE|SOURCE_REFERENCE_IMAGE|USER_PROVIDED_QXBY_COMPONENT_SET|NOT_SCORE_EVENT_AUTHORITY|NOT_DAPU_IR_AUTHORITY|NOT_SAMPLE_INGEST|NOT_ML_TRAINING_DATA|NOT_RENDER_OUTPUT|NEEDS_CANON_BUILDER_CROSSWALK_REVIEW
COMP-186,右手指法-一弦单弹,挑,右手指法-一弦单弹.zip,挑.png,sources/qxby_component_atlas/images/rh_single_string_pluck/COMP-186_挑.png,bcd3687604321a8ec613f0a6ae810255bad48764d0c56194007491478455ae03,COMP-018,QXBY_FULL_COMPONENT_ATLAS_REFERENCE; NOT_SCORE_EVENT_AUTHORITY; NOT_DAPU_IR_AUTHORITY; NOT_SAMPLE_INGEST; NOT_ML_TRAINING_DATA; NOT_RENDER_OUTPUT,QXBY_FULL_COMPONENT_ATLAS_REFERENCE|SOURCE_REFERENCE_IMAGE|USER_PROVIDED_QXBY_COMPONENT_SET|NOT_SCORE_EVENT_AUTHORITY|NOT_DAPU_IR_AUTHORITY|NOT_SAMPLE_INGEST|NOT_ML_TRAINING_DATA|NOT_RENDER_OUTPUT|NEEDS_CANON_BUILDER_CROSSWALK_REVIEW
COMP-187,右手指法-一弦单弹,摘,右手指法-一弦单弹.zip,摘.png,sources/qxby_component_atlas/images/rh_single_string_pluck/COMP-187_摘.png,e0c22195fccb92f3e28c12bf57a8be386473ade71615f09fb2a5d6167d5241e1,,QXBY_FULL_COMPONENT_ATLAS_REFERENCE; NOT_SCORE_EVENT_AUTHORITY; NOT_DAPU_IR_AUTHORITY; NOT_SAMPLE_INGEST; NOT_ML_TRAINING_DATA; NOT_RENDER_OUTPUT,QXBY_FULL_COMPONENT_ATLAS_REFERENCE|SOURCE_REFERENCE_IMAGE|USER_PROVIDED_QXBY_COMPONENT_SET|NOT_SCORE_EVENT_AUTHORITY|NOT_DAPU_IR_AUTHORITY|NOT_SAMPLE_INGEST|NOT_ML_TRAINING_DATA|NOT_RENDER_OUTPUT|NEEDS_CANON_BUILDER_CROSSWALK_REVIEW
COMP-188,右手指法-一弦单弹,擘,右手指法-一弦单弹.zip,擘.png,sources/qxby_component_atlas/images/rh_single_string_pluck/COMP-188_擘.png,fd12f8307db4b6682ac2ddd3f03c74d195fa60ef3272b3422d68c59c8e851abb,,QXBY_FULL_COMPONENT_ATLAS_REFERENCE; NOT_SCORE_EVENT_AUTHORITY; NOT_DAPU_IR_AUTHORITY; NOT_SAMPLE_INGEST; NOT_ML_TRAINING_DATA; NOT_RENDER_OUTPUT,QXBY_FULL_COMPONENT_ATLAS_REFERENCE|SOURCE_REFERENCE_IMAGE|USER_PROVIDED_QXBY_COMPONENT_SET|NOT_SCORE_EVENT_AUTHORITY|NOT_DAPU_IR_AUTHORITY|NOT_SAMPLE_INGEST|NOT_ML_TRAINING_DATA|NOT_RENDER_OUTPUT|NEEDS_CANON_BUILDER_CROSSWALK_REVIEW
COMP-189,右手指法-一弦单弹,短锁,右手指法-一弦单弹.zip,短锁.png,sources/qxby_component_atlas/images/rh_single_string_pluck/COMP-189_短锁.png,7f9c4654d034e25e7a4af717d77bf578d390e0a9559e20d5db1f5583a8b1adab,,QXBY_FULL_COMPONENT_ATLAS_REFERENCE; NOT_SCORE_EVENT_AUTHORITY; NOT_DAPU_IR_AUTHORITY; NOT_SAMPLE_INGEST; NOT_ML_TRAINING_DATA; NOT_RENDER_OUTPUT,QXBY_FULL_COMPONENT_ATLAS_REFERENCE|SOURCE_REFERENCE_IMAGE|USER_PROVIDED_QXBY_COMPONENT_SET|NOT_SCORE_EVENT_AUTHORITY|NOT_DAPU_IR_AUTHORITY|NOT_SAMPLE_INGEST|NOT_ML_TRAINING_DATA|NOT_RENDER_OUTPUT|NEEDS_CANON_BUILDER_CROSSWALK_REVIEW
COMP-190,右手指法-一弦单弹,背锁,右手指法-一弦单弹.zip,背锁.png,sources/qxby_component_atlas/images/rh_single_string_pluck/COMP-190_背锁.png,2bdb709e48b6c0cf308b762de2abea142e34d047b399d27b137884817f4035a1,COMP-021,QXBY_FULL_COMPONENT_ATLAS_REFERENCE; NOT_SCORE_EVENT_AUTHORITY; NOT_DAPU_IR_AUTHORITY; NOT_SAMPLE_INGEST; NOT_ML_TRAINING_DATA; NOT_RENDER_OUTPUT,QXBY_FULL_COMPONENT_ATLAS_REFERENCE|SOURCE_REFERENCE_IMAGE|USER_PROVIDED_QXBY_COMPONENT_SET|NOT_SCORE_EVENT_AUTHORITY|NOT_DAPU_IR_AUTHORITY|NOT_SAMPLE_INGEST|NOT_ML_TRAINING_DATA|NOT_RENDER_OUTPUT|NEEDS_CANON_BUILDER_CROSSWALK_REVIEW
COMP-191,右手指法-一弦单弹,轮,右手指法-一弦单弹.zip,轮.png,sources/qxby_component_atlas/images/rh_single_string_pluck/COMP-191_轮.png,a1d25f7da9130b3d7ef164688c1dc7f83d587589d2626f75c0dff5750c79ff71,COMP-029,QXBY_FULL_COMPONENT_ATLAS_REFERENCE; NOT_SCORE_EVENT_AUTHORITY; NOT_DAPU_IR_AUTHORITY; NOT_SAMPLE_INGEST; NOT_ML_TRAINING_DATA; NOT_RENDER_OUTPUT,QXBY_FULL_COMPONENT_ATLAS_REFERENCE|SOURCE_REFERENCE_IMAGE|USER_PROVIDED_QXBY_COMPONENT_SET|NOT_SCORE_EVENT_AUTHORITY|NOT_DAPU_IR_AUTHORITY|NOT_SAMPLE_INGEST|NOT_ML_TRAINING_DATA|NOT_RENDER_OUTPUT|NEEDS_CANON_BUILDER_CROSSWALK_REVIEW
COMP-192,右手指法-一弦单弹,锁,右手指法-一弦单弹.zip,锁.png,sources/qxby_component_atlas/images/rh_single_string_pluck/COMP-192_锁.png,ef45447037101dffbe7c4059565666ad261466773eb7137898223e3f4dc48387,,QXBY_FULL_COMPONENT_ATLAS_REFERENCE; NOT_SCORE_EVENT_AUTHORITY; NOT_DAPU_IR_AUTHORITY; NOT_SAMPLE_INGEST; NOT_ML_TRAINING_DATA; NOT_RENDER_OUTPUT,QXBY_FULL_COMPONENT_ATLAS_REFERENCE|SOURCE_REFERENCE_IMAGE|USER_PROVIDED_QXBY_COMPONENT_SET|NOT_SCORE_EVENT_AUTHORITY|NOT_DAPU_IR_AUTHORITY|NOT_SAMPLE_INGEST|NOT_ML_TRAINING_DATA|NOT_RENDER_OUTPUT|NEEDS_CANON_BUILDER_CROSSWALK_REVIEW
COMP-193,右手指法-一弦单弹,长锁,右手指法-一弦单弹.zip,长锁.png,sources/qxby_component_atlas/images/rh_single_string_pluck/COMP-193_长锁.png,fba0cf1ec399204cfac4701da6a58b9b3d89a12036e8cea83c76b6760ccbbfa3,,QXBY_FULL_COMPONENT_ATLAS_REFERENCE; NOT_SCORE_EVENT_AUTHORITY; NOT_DAPU_IR_AUTHORITY; NOT_SAMPLE_INGEST; NOT_ML_TRAINING_DATA; NOT_RENDER_OUTPUT,QXBY_FULL_COMPONENT_ATLAS_REFERENCE|SOURCE_REFERENCE_IMAGE|USER_PROVIDED_QXBY_COMPONENT_SET|NOT_SCORE_EVENT_AUTHORITY|NOT_DAPU_IR_AUTHORITY|NOT_SAMPLE_INGEST|NOT_ML_TRAINING_DATA|NOT_RENDER_OUTPUT|NEEDS_CANON_BUILDER_CROSSWALK_REVIEW
COMP-194,左手指法-本位取音,双吟,左手指法-本位取音.zip,双吟.png,sources/qxby_component_atlas/images/lh_native_position/COMP-194_双吟.png,fcb4f773f040080309ae1197fcc1ea100b4417299252c4c3ef89e5566c4bd7e8,COMP-034,QXBY_FULL_COMPONENT_ATLAS_REFERENCE; NOT_SCORE_EVENT_AUTHORITY; NOT_DAPU_IR_AUTHORITY; NOT_SAMPLE_INGEST; NOT_ML_TRAINING_DATA; NOT_RENDER_OUTPUT,QXBY_FULL_COMPONENT_ATLAS_REFERENCE|SOURCE_REFERENCE_IMAGE|USER_PROVIDED_QXBY_COMPONENT_SET|NOT_SCORE_EVENT_AUTHORITY|NOT_DAPU_IR_AUTHORITY|NOT_SAMPLE_INGEST|NOT_ML_TRAINING_DATA|NOT_RENDER_OUTPUT|NEEDS_CANON_BUILDER_CROSSWALK_REVIEW
COMP-195,左手指法-本位取音,双撞,左手指法-本位取音.zip,双撞.png,sources/qxby_component_atlas/images/lh_native_position/COMP-195_双撞.png,25d2f81cef7927d876953d6442aeb46dab6596a1df9b88bb216468f9e899c0d2,,QXBY_FULL_COMPONENT_ATLAS_REFERENCE; NOT_SCORE_EVENT_AUTHORITY; NOT_DAPU_IR_AUTHORITY; NOT_SAMPLE_INGEST; NOT_ML_TRAINING_DATA; NOT_RENDER_OUTPUT,QXBY_FULL_COMPONENT_ATLAS_REFERENCE|SOURCE_REFERENCE_IMAGE|USER_PROVIDED_QXBY_COMPONENT_SET|NOT_SCORE_EVENT_AUTHORITY|NOT_DAPU_IR_AUTHORITY|NOT_SAMPLE_INGEST|NOT_ML_TRAINING_DATA|NOT_RENDER_OUTPUT|NEEDS_CANON_BUILDER_CROSSWALK_REVIEW
COMP-196,左手指法-本位取音,双猱,左手指法-本位取音.zip,双猱.png,sources/qxby_component_atlas/images/lh_native_position/COMP-196_双猱.png,0d111c4b4908de07622f92daa0135acd96faff95f978678a02dbe695ea6be1df,,QXBY_FULL_COMPONENT_ATLAS_REFERENCE; NOT_SCORE_EVENT_AUTHORITY; NOT_DAPU_IR_AUTHORITY; NOT_SAMPLE_INGEST; NOT_ML_TRAINING_DATA; NOT_RENDER_OUTPUT,QXBY_FULL_COMPONENT_ATLAS_REFERENCE|SOURCE_REFERENCE_IMAGE|USER_PROVIDED_QXBY_COMPONENT_SET|NOT_SCORE_EVENT_AUTHORITY|NOT_DAPU_IR_AUTHORITY|NOT_SAMPLE_INGEST|NOT_ML_TRAINING_DATA|NOT_RENDER_OUTPUT|NEEDS_CANON_BUILDER_CROSSWALK_REVIEW
COMP-197,左手指法-本位取音,反撞,左手指法-本位取音.zip,反撞.png,sources/qxby_component_atlas/images/lh_native_position/COMP-197_反撞.png,24fe29dc8b550f2abc8b37755b0fcd3ef926f695463ed2c7a85c8b646a054124,,QXBY_FULL_COMPONENT_ATLAS_REFERENCE; NOT_SCORE_EVENT_AUTHORITY; NOT_DAPU_IR_AUTHORITY; NOT_SAMPLE_INGEST; NOT_ML_TRAINING_DATA; NOT_RENDER_OUTPUT,QXBY_FULL_COMPONENT_ATLAS_REFERENCE|SOURCE_REFERENCE_IMAGE|USER_PROVIDED_QXBY_COMPONENT_SET|NOT_SCORE_EVENT_AUTHORITY|NOT_DAPU_IR_AUTHORITY|NOT_SAMPLE_INGEST|NOT_ML_TRAINING_DATA|NOT_RENDER_OUTPUT|NEEDS_CANON_BUILDER_CROSSWALK_REVIEW
COMP-198,左手指法-本位取音,吟,左手指法-本位取音.zip,吟.png,sources/qxby_component_atlas/images/lh_native_position/COMP-198_吟.png,c1827b9ad3747032789dfbd2efa6cf77da5276420a5e8f9c15e8e086b047f050,COMP-010,QXBY_FULL_COMPONENT_ATLAS_REFERENCE; NOT_SCORE_EVENT_AUTHORITY; NOT_DAPU_IR_AUTHORITY; NOT_SAMPLE_INGEST; NOT_ML_TRAINING_DATA; NOT_RENDER_OUTPUT,QXBY_FULL_COMPONENT_ATLAS_REFERENCE|SOURCE_REFERENCE_IMAGE|USER_PROVIDED_QXBY_COMPONENT_SET|NOT_SCORE_EVENT_AUTHORITY|NOT_DAPU_IR_AUTHORITY|NOT_SAMPLE_INGEST|NOT_ML_TRAINING_DATA|NOT_RENDER_OUTPUT|NEEDS_CANON_BUILDER_CROSSWALK_REVIEW
COMP-199,左手指法-本位取音,大吟,左手指法-本位取音.zip,大吟.png,sources/qxby_component_atlas/images/lh_native_position/COMP-199_大吟.png,cd66c27a86d0fb8d4ff9caa4235c4975de86490d13b57b39923eeede07dce100,,QXBY_FULL_COMPONENT_ATLAS_REFERENCE; NOT_SCORE_EVENT_AUTHORITY; NOT_DAPU_IR_AUTHORITY; NOT_SAMPLE_INGEST; NOT_ML_TRAINING_DATA; NOT_RENDER_OUTPUT,QXBY_FULL_COMPONENT_ATLAS_REFERENCE|SOURCE_REFERENCE_IMAGE|USER_PROVIDED_QXBY_COMPONENT_SET|NOT_SCORE_EVENT_AUTHORITY|NOT_DAPU_IR_AUTHORITY|NOT_SAMPLE_INGEST|NOT_ML_TRAINING_DATA|NOT_RENDER_OUTPUT|NEEDS_CANON_BUILDER_CROSSWALK_REVIEW
COMP-200,左手指法-本位取音,大撞,左手指法-本位取音.zip,大撞.png,sources/qxby_component_atlas/images/lh_native_position/COMP-200_大撞.png,296e6619e7160e1085dfc18106f28590b980486cd205d65c4440950b9fff2d40,,QXBY_FULL_COMPONENT_ATLAS_REFERENCE; NOT_SCORE_EVENT_AUTHORITY; NOT_DAPU_IR_AUTHORITY; NOT_SAMPLE_INGEST; NOT_ML_TRAINING_DATA; NOT_RENDER_OUTPUT,QXBY_FULL_COMPONENT_ATLAS_REFERENCE|SOURCE_REFERENCE_IMAGE|USER_PROVIDED_QXBY_COMPONENT_SET|NOT_SCORE_EVENT_AUTHORITY|NOT_DAPU_IR_AUTHORITY|NOT_SAMPLE_INGEST|NOT_ML_TRAINING_DATA|NOT_RENDER_OUTPUT|NEEDS_CANON_BUILDER_CROSSWALK_REVIEW
COMP-201,左手指法-本位取音,大猱,左手指法-本位取音.zip,大猱.png,sources/qxby_component_atlas/images/lh_native_position/COMP-201_大猱.png,154e3af4810770fc1c71655aedca7e7e9473b1c59d780376c19f5ad721923243,,QXBY_FULL_COMPONENT_ATLAS_REFERENCE; NOT_SCORE_EVENT_AUTHORITY; NOT_DAPU_IR_AUTHORITY; NOT_SAMPLE_INGEST; NOT_ML_TRAINING_DATA; NOT_RENDER_OUTPUT,QXBY_FULL_COMPONENT_ATLAS_REFERENCE|SOURCE_REFERENCE_IMAGE|USER_PROVIDED_QXBY_COMPONENT_SET|NOT_SCORE_EVENT_AUTHORITY|NOT_DAPU_IR_AUTHORITY|NOT_SAMPLE_INGEST|NOT_ML_TRAINING_DATA|NOT_RENDER_OUTPUT|NEEDS_CANON_BUILDER_CROSSWALK_REVIEW
COMP-202,左手指法-本位取音,定吟,左手指法-本位取音.zip,定吟.png,sources/qxby_component_atlas/images/lh_native_position/COMP-202_定吟.png,d1f7962063debe606f0aba2dc0b7b6d8c63bac0609bc62d195b8dabf6da740cd,,QXBY_FULL_COMPONENT_ATLAS_REFERENCE; NOT_SCORE_EVENT_AUTHORITY; NOT_DAPU_IR_AUTHORITY; NOT_SAMPLE_INGEST; NOT_ML_TRAINING_DATA; NOT_RENDER_OUTPUT,QXBY_FULL_COMPONENT_ATLAS_REFERENCE|SOURCE_REFERENCE_IMAGE|USER_PROVIDED_QXBY_COMPONENT_SET|NOT_SCORE_EVENT_AUTHORITY|NOT_DAPU_IR_AUTHORITY|NOT_SAMPLE_INGEST|NOT_ML_TRAINING_DATA|NOT_RENDER_OUTPUT|NEEDS_CANON_BUILDER_CROSSWALK_REVIEW
COMP-203,左手指法-本位取音,定猱,左手指法-本位取音.zip,定猱.png,sources/qxby_component_atlas/images/lh_native_position/COMP-203_定猱.png,b2bce7094b61f79a2ac36aefa173c148f1a07952f070ddc686a2448692534633,,QXBY_FULL_COMPONENT_ATLAS_REFERENCE; NOT_SCORE_EVENT_AUTHORITY; NOT_DAPU_IR_AUTHORITY; NOT_SAMPLE_INGEST; NOT_ML_TRAINING_DATA; NOT_RENDER_OUTPUT,QXBY_FULL_COMPONENT_ATLAS_REFERENCE|SOURCE_REFERENCE_IMAGE|USER_PROVIDED_QXBY_COMPONENT_SET|NOT_SCORE_EVENT_AUTHORITY|NOT_DAPU_IR_AUTHORITY|NOT_SAMPLE_INGEST|NOT_ML_TRAINING_DATA|NOT_RENDER_OUTPUT|NEEDS_CANON_BUILDER_CROSSWALK_REVIEW
COMP-204,左手指法-本位取音,小撞,左手指法-本位取音.zip,小撞.png,sources/qxby_component_atlas/images/lh_native_position/COMP-204_小撞.png,b86d678a7ace1aa895c92d38de465226ada27c5166983bdfefed62b6ca1165d4,,QXBY_FULL_COMPONENT_ATLAS_REFERENCE; NOT_SCORE_EVENT_AUTHORITY; NOT_DAPU_IR_AUTHORITY; NOT_SAMPLE_INGEST; NOT_ML_TRAINING_DATA; NOT_RENDER_OUTPUT,QXBY_FULL_COMPONENT_ATLAS_REFERENCE|SOURCE_REFERENCE_IMAGE|USER_PROVIDED_QXBY_COMPONENT_SET|NOT_SCORE_EVENT_AUTHORITY|NOT_DAPU_IR_AUTHORITY|NOT_SAMPLE_INGEST|NOT_ML_TRAINING_DATA|NOT_RENDER_OUTPUT|NEEDS_CANON_BUILDER_CROSSWALK_REVIEW
COMP-205,左手指法-本位取音,少吟,左手指法-本位取音.zip,少吟.png,sources/qxby_component_atlas/images/lh_native_position/COMP-205_少吟.png,b968ca9e214fb77b53adc6cff2103f5098132ed64db3fdc4b7241f38eb82a068,,QXBY_FULL_COMPONENT_ATLAS_REFERENCE; NOT_SCORE_EVENT_AUTHORITY; NOT_DAPU_IR_AUTHORITY; NOT_SAMPLE_INGEST; NOT_ML_TRAINING_DATA; NOT_RENDER_OUTPUT,QXBY_FULL_COMPONENT_ATLAS_REFERENCE|SOURCE_REFERENCE_IMAGE|USER_PROVIDED_QXBY_COMPONENT_SET|NOT_SCORE_EVENT_AUTHORITY|NOT_DAPU_IR_AUTHORITY|NOT_SAMPLE_INGEST|NOT_ML_TRAINING_DATA|NOT_RENDER_OUTPUT|NEEDS_CANON_BUILDER_CROSSWALK_REVIEW
COMP-206,左手指法-本位取音,少猱,左手指法-本位取音.zip,少猱.png,sources/qxby_component_atlas/images/lh_native_position/COMP-206_少猱.png,4cda24cb1c3e7a3cd0f6a292b65abda22dbc555fd82ae61522c9cfc6ac70f4cf,,QXBY_FULL_COMPONENT_ATLAS_REFERENCE; NOT_SCORE_EVENT_AUTHORITY; NOT_DAPU_IR_AUTHORITY; NOT_SAMPLE_INGEST; NOT_ML_TRAINING_DATA; NOT_RENDER_OUTPUT,QXBY_FULL_COMPONENT_ATLAS_REFERENCE|SOURCE_REFERENCE_IMAGE|USER_PROVIDED_QXBY_COMPONENT_SET|NOT_SCORE_EVENT_AUTHORITY|NOT_DAPU_IR_AUTHORITY|NOT_SAMPLE_INGEST|NOT_ML_TRAINING_DATA|NOT_RENDER_OUTPUT|NEEDS_CANON_BUILDER_CROSSWALK_REVIEW
COMP-207,左手指法-本位取音,急吟,左手指法-本位取音.zip,急吟.png,sources/qxby_component_atlas/images/lh_native_position/COMP-207_急吟.png,15330f8c1db7c10fe685b8644c482cbc34f7595a9092a00e16a4032898bba602,,QXBY_FULL_COMPONENT_ATLAS_REFERENCE; NOT_SCORE_EVENT_AUTHORITY; NOT_DAPU_IR_AUTHORITY; NOT_SAMPLE_INGEST; NOT_ML_TRAINING_DATA; NOT_RENDER_OUTPUT,QXBY_FULL_COMPONENT_ATLAS_REFERENCE|SOURCE_REFERENCE_IMAGE|USER_PROVIDED_QXBY_COMPONENT_SET|NOT_SCORE_EVENT_AUTHORITY|NOT_DAPU_IR_AUTHORITY|NOT_SAMPLE_INGEST|NOT_ML_TRAINING_DATA|NOT_RENDER_OUTPUT|NEEDS_CANON_BUILDER_CROSSWALK_REVIEW
COMP-208,左手指法-本位取音,急猱,左手指法-本位取音.zip,急猱.png,sources/qxby_component_atlas/images/lh_native_position/COMP-208_急猱.png,cada9c588d15fa63f1b8cfa5e58cb220465ad3cd288e5c7c5181969e296e3dd3,,QXBY_FULL_COMPONENT_ATLAS_REFERENCE; NOT_SCORE_EVENT_AUTHORITY; NOT_DAPU_IR_AUTHORITY; NOT_SAMPLE_INGEST; NOT_ML_TRAINING_DATA; NOT_RENDER_OUTPUT,QXBY_FULL_COMPONENT_ATLAS_REFERENCE|SOURCE_REFERENCE_IMAGE|USER_PROVIDED_QXBY_COMPONENT_SET|NOT_SCORE_EVENT_AUTHORITY|NOT_DAPU_IR_AUTHORITY|NOT_SAMPLE_INGEST|NOT_ML_TRAINING_DATA|NOT_RENDER_OUTPUT|NEEDS_CANON_BUILDER_CROSSWALK_REVIEW
COMP-209,左手指法-本位取音,撞,左手指法-本位取音.zip,撞.png,sources/qxby_component_atlas/images/lh_native_position/COMP-209_撞.png,34f9789aa7e299c2204886eeb06023957ad4d5f5a15ee11814c08bc255a527e4,COMP-028,QXBY_FULL_COMPONENT_ATLAS_REFERENCE; NOT_SCORE_EVENT_AUTHORITY; NOT_DAPU_IR_AUTHORITY; NOT_SAMPLE_INGEST; NOT_ML_TRAINING_DATA; NOT_RENDER_OUTPUT,QXBY_FULL_COMPONENT_ATLAS_REFERENCE|SOURCE_REFERENCE_IMAGE|USER_PROVIDED_QXBY_COMPONENT_SET|NOT_SCORE_EVENT_AUTHORITY|NOT_DAPU_IR_AUTHORITY|NOT_SAMPLE_INGEST|NOT_ML_TRAINING_DATA|NOT_RENDER_OUTPUT|NEEDS_CANON_BUILDER_CROSSWALK_REVIEW
COMP-210,左手指法-本位取音,撞猱,左手指法-本位取音.zip,撞猱.png,sources/qxby_component_atlas/images/lh_native_position/COMP-210_撞猱.png,b1ba10dd430ec5f5044c96e038f164adbeda6c3e4a7f9f85e585285ef683f842,,QXBY_FULL_COMPONENT_ATLAS_REFERENCE; NOT_SCORE_EVENT_AUTHORITY; NOT_DAPU_IR_AUTHORITY; NOT_SAMPLE_INGEST; NOT_ML_TRAINING_DATA; NOT_RENDER_OUTPUT,QXBY_FULL_COMPONENT_ATLAS_REFERENCE|SOURCE_REFERENCE_IMAGE|USER_PROVIDED_QXBY_COMPONENT_SET|NOT_SCORE_EVENT_AUTHORITY|NOT_DAPU_IR_AUTHORITY|NOT_SAMPLE_INGEST|NOT_ML_TRAINING_DATA|NOT_RENDER_OUTPUT|NEEDS_CANON_BUILDER_CROSSWALK_REVIEW
COMP-211,左手指法-本位取音,注,左手指法-本位取音.zip,注.png,sources/qxby_component_atlas/images/lh_native_position/COMP-211_注.png,0a4af267a550c8d126afe4ee8622f1c9ad31abf565ecd801f41e0787327baca6,COMP-025,QXBY_FULL_COMPONENT_ATLAS_REFERENCE; NOT_SCORE_EVENT_AUTHORITY; NOT_DAPU_IR_AUTHORITY; NOT_SAMPLE_INGEST; NOT_ML_TRAINING_DATA; NOT_RENDER_OUTPUT,QXBY_FULL_COMPONENT_ATLAS_REFERENCE|SOURCE_REFERENCE_IMAGE|USER_PROVIDED_QXBY_COMPONENT_SET|NOT_SCORE_EVENT_AUTHORITY|NOT_DAPU_IR_AUTHORITY|NOT_SAMPLE_INGEST|NOT_ML_TRAINING_DATA|NOT_RENDER_OUTPUT|NEEDS_CANON_BUILDER_CROSSWALK_REVIEW
COMP-212,左手指法-本位取音,注吟,左手指法-本位取音.zip,注吟.png,sources/qxby_component_atlas/images/lh_native_position/COMP-212_注吟.png,b4a363c2f517df2f54aefcc6dd414d5b5a9a304c3563cd090225e3d929f322c3,,QXBY_FULL_COMPONENT_ATLAS_REFERENCE; NOT_SCORE_EVENT_AUTHORITY; NOT_DAPU_IR_AUTHORITY; NOT_SAMPLE_INGEST; NOT_ML_TRAINING_DATA; NOT_RENDER_OUTPUT,QXBY_FULL_COMPONENT_ATLAS_REFERENCE|SOURCE_REFERENCE_IMAGE|USER_PROVIDED_QXBY_COMPONENT_SET|NOT_SCORE_EVENT_AUTHORITY|NOT_DAPU_IR_AUTHORITY|NOT_SAMPLE_INGEST|NOT_ML_TRAINING_DATA|NOT_RENDER_OUTPUT|NEEDS_CANON_BUILDER_CROSSWALK_REVIEW
COMP-213,左手指法-本位取音,注猱,左手指法-本位取音.zip,注猱.png,sources/qxby_component_atlas/images/lh_native_position/COMP-213_注猱.png,b67641b80e612a2fd84e95976cac12d72862f56be17d76485a0f4a52f523691d,,QXBY_FULL_COMPONENT_ATLAS_REFERENCE; NOT_SCORE_EVENT_AUTHORITY; NOT_DAPU_IR_AUTHORITY; NOT_SAMPLE_INGEST; NOT_ML_TRAINING_DATA; NOT_RENDER_OUTPUT,QXBY_FULL_COMPONENT_ATLAS_REFERENCE|SOURCE_REFERENCE_IMAGE|USER_PROVIDED_QXBY_COMPONENT_SET|NOT_SCORE_EVENT_AUTHORITY|NOT_DAPU_IR_AUTHORITY|NOT_SAMPLE_INGEST|NOT_ML_TRAINING_DATA|NOT_RENDER_OUTPUT|NEEDS_CANON_BUILDER_CROSSWALK_REVIEW
COMP-214,左手指法-本位取音,猱,左手指法-本位取音.zip,猱.png,sources/qxby_component_atlas/images/lh_native_position/COMP-214_猱.png,f4c8352662e26d4363caa98c9715be351b56ab1e19449e3912ea6aea78cb95df,,QXBY_FULL_COMPONENT_ATLAS_REFERENCE; NOT_SCORE_EVENT_AUTHORITY; NOT_DAPU_IR_AUTHORITY; NOT_SAMPLE_INGEST; NOT_ML_TRAINING_DATA; NOT_RENDER_OUTPUT,QXBY_FULL_COMPONENT_ATLAS_REFERENCE|SOURCE_REFERENCE_IMAGE|USER_PROVIDED_QXBY_COMPONENT_SET|NOT_SCORE_EVENT_AUTHORITY|NOT_DAPU_IR_AUTHORITY|NOT_SAMPLE_INGEST|NOT_ML_TRAINING_DATA|NOT_RENDER_OUTPUT|NEEDS_CANON_BUILDER_CROSSWALK_REVIEW
COMP-215,左手指法-本位取音,略吟,左手指法-本位取音.zip,略吟.png,sources/qxby_component_atlas/images/lh_native_position/COMP-215_略吟.png,dc13e7d93d979d13d8095328208264989a2c335c0e7c9ca45d0161749d09255c,,QXBY_FULL_COMPONENT_ATLAS_REFERENCE; NOT_SCORE_EVENT_AUTHORITY; NOT_DAPU_IR_AUTHORITY; NOT_SAMPLE_INGEST; NOT_ML_TRAINING_DATA; NOT_RENDER_OUTPUT,QXBY_FULL_COMPONENT_ATLAS_REFERENCE|SOURCE_REFERENCE_IMAGE|USER_PROVIDED_QXBY_COMPONENT_SET|NOT_SCORE_EVENT_AUTHORITY|NOT_DAPU_IR_AUTHORITY|NOT_SAMPLE_INGEST|NOT_ML_TRAINING_DATA|NOT_RENDER_OUTPUT|NEEDS_CANON_BUILDER_CROSSWALK_REVIEW
COMP-216,左手指法-本位取音,略猱,左手指法-本位取音.zip,略猱.png,sources/qxby_component_atlas/images/lh_native_position/COMP-216_略猱.png,d0a73117aa2fb6e15a7b7e2a66899af45d9bf94ac10bb019cb5a056c4be546d0,,QXBY_FULL_COMPONENT_ATLAS_REFERENCE; NOT_SCORE_EVENT_AUTHORITY; NOT_DAPU_IR_AUTHORITY; NOT_SAMPLE_INGEST; NOT_ML_TRAINING_DATA; NOT_RENDER_OUTPUT,QXBY_FULL_COMPONENT_ATLAS_REFERENCE|SOURCE_REFERENCE_IMAGE|USER_PROVIDED_QXBY_COMPONENT_SET|NOT_SCORE_EVENT_AUTHORITY|NOT_DAPU_IR_AUTHORITY|NOT_SAMPLE_INGEST|NOT_ML_TRAINING_DATA|NOT_RENDER_OUTPUT|NEEDS_CANON_BUILDER_CROSSWALK_REVIEW
COMP-217,左手指法-本位取音,短吟,左手指法-本位取音.zip,短吟.png,sources/qxby_component_atlas/images/lh_native_position/COMP-217_短吟.png,1adca23807f14d0e2128975e112e80acf61ca17d6704ebb3eae2a9c5db6e6092,,QXBY_FULL_COMPONENT_ATLAS_REFERENCE; NOT_SCORE_EVENT_AUTHORITY; NOT_DAPU_IR_AUTHORITY; NOT_SAMPLE_INGEST; NOT_ML_TRAINING_DATA; NOT_RENDER_OUTPUT,QXBY_FULL_COMPONENT_ATLAS_REFERENCE|SOURCE_REFERENCE_IMAGE|USER_PROVIDED_QXBY_COMPONENT_SET|NOT_SCORE_EVENT_AUTHORITY|NOT_DAPU_IR_AUTHORITY|NOT_SAMPLE_INGEST|NOT_ML_TRAINING_DATA|NOT_RENDER_OUTPUT|NEEDS_CANON_BUILDER_CROSSWALK_REVIEW
COMP-218,左手指法-本位取音,短猱,左手指法-本位取音.zip,短猱.png,sources/qxby_component_atlas/images/lh_native_position/COMP-218_短猱.png,81fdf4c2c5905a5956a0b0c9f2304fe01e8c83dc1891dfa5846a41c8b8283671,,QXBY_FULL_COMPONENT_ATLAS_REFERENCE; NOT_SCORE_EVENT_AUTHORITY; NOT_DAPU_IR_AUTHORITY; NOT_SAMPLE_INGEST; NOT_ML_TRAINING_DATA; NOT_RENDER_OUTPUT,QXBY_FULL_COMPONENT_ATLAS_REFERENCE|SOURCE_REFERENCE_IMAGE|USER_PROVIDED_QXBY_COMPONENT_SET|NOT_SCORE_EVENT_AUTHORITY|NOT_DAPU_IR_AUTHORITY|NOT_SAMPLE_INGEST|NOT_ML_TRAINING_DATA|NOT_RENDER_OUTPUT|NEEDS_CANON_BUILDER_CROSSWALK_REVIEW
COMP-219,左手指法-本位取音,绰,左手指法-本位取音.zip,绰.png,sources/qxby_component_atlas/images/lh_native_position/COMP-219_绰.png,26d0a31b1cc1da59b92bfb60b5bc43843fb3eefdc9ee37f5bb592b7eec4e68a9,COMP-033,QXBY_FULL_COMPONENT_ATLAS_REFERENCE; NOT_SCORE_EVENT_AUTHORITY; NOT_DAPU_IR_AUTHORITY; NOT_SAMPLE_INGEST; NOT_ML_TRAINING_DATA; NOT_RENDER_OUTPUT,QXBY_FULL_COMPONENT_ATLAS_REFERENCE|SOURCE_REFERENCE_IMAGE|USER_PROVIDED_QXBY_COMPONENT_SET|NOT_SCORE_EVENT_AUTHORITY|NOT_DAPU_IR_AUTHORITY|NOT_SAMPLE_INGEST|NOT_ML_TRAINING_DATA|NOT_RENDER_OUTPUT|NEEDS_CANON_BUILDER_CROSSWALK_REVIEW
COMP-220,左手指法-本位取音,绰吟,左手指法-本位取音.zip,绰吟.png,sources/qxby_component_atlas/images/lh_native_position/COMP-220_绰吟.png,f0a8272f7cb3066660e74a66a78e70aa05d51594e79a2260db038d5fb188702c,,QXBY_FULL_COMPONENT_ATLAS_REFERENCE; NOT_SCORE_EVENT_AUTHORITY; NOT_DAPU_IR_AUTHORITY; NOT_SAMPLE_INGEST; NOT_ML_TRAINING_DATA; NOT_RENDER_OUTPUT,QXBY_FULL_COMPONENT_ATLAS_REFERENCE|SOURCE_REFERENCE_IMAGE|USER_PROVIDED_QXBY_COMPONENT_SET|NOT_SCORE_EVENT_AUTHORITY|NOT_DAPU_IR_AUTHORITY|NOT_SAMPLE_INGEST|NOT_ML_TRAINING_DATA|NOT_RENDER_OUTPUT|NEEDS_CANON_BUILDER_CROSSWALK_REVIEW
COMP-221,左手指法-本位取音,绰猱,左手指法-本位取音.zip,绰猱.png,sources/qxby_component_atlas/images/lh_native_position/COMP-221_绰猱.png,8ce8453a31637fabf49c377a6554ee8b82792499f58b553e34957cdec3b50771,,QXBY_FULL_COMPONENT_ATLAS_REFERENCE; NOT_SCORE_EVENT_AUTHORITY; NOT_DAPU_IR_AUTHORITY; NOT_SAMPLE_INGEST; NOT_ML_TRAINING_DATA; NOT_RENDER_OUTPUT,QXBY_FULL_COMPONENT_ATLAS_REFERENCE|SOURCE_REFERENCE_IMAGE|USER_PROVIDED_QXBY_COMPONENT_SET|NOT_SCORE_EVENT_AUTHORITY|NOT_DAPU_IR_AUTHORITY|NOT_SAMPLE_INGEST|NOT_ML_TRAINING_DATA|NOT_RENDER_OUTPUT|NEEDS_CANON_BUILDER_CROSSWALK_REVIEW
COMP-222,左手指法-本位取音,缓吟,左手指法-本位取音.zip,缓吟.png,sources/qxby_component_atlas/images/lh_native_position/COMP-222_缓吟.png,1bcd1a81b60d010ef4d3b25ca03da501aceedb6eebc1742c07329e4f0e9b4458,,QXBY_FULL_COMPONENT_ATLAS_REFERENCE; NOT_SCORE_EVENT_AUTHORITY; NOT_DAPU_IR_AUTHORITY; NOT_SAMPLE_INGEST; NOT_ML_TRAINING_DATA; NOT_RENDER_OUTPUT,QXBY_FULL_COMPONENT_ATLAS_REFERENCE|SOURCE_REFERENCE_IMAGE|USER_PROVIDED_QXBY_COMPONENT_SET|NOT_SCORE_EVENT_AUTHORITY|NOT_DAPU_IR_AUTHORITY|NOT_SAMPLE_INGEST|NOT_ML_TRAINING_DATA|NOT_RENDER_OUTPUT|NEEDS_CANON_BUILDER_CROSSWALK_REVIEW
COMP-223,左手指法-本位取音,缓急吟,左手指法-本位取音.zip,缓急吟.png,sources/qxby_component_atlas/images/lh_native_position/COMP-223_缓急吟.png,b41381e1e86e62c757c820591ac233f6358e60ee25de4f11b7bf05af32a80c2f,,QXBY_FULL_COMPONENT_ATLAS_REFERENCE; NOT_SCORE_EVENT_AUTHORITY; NOT_DAPU_IR_AUTHORITY; NOT_SAMPLE_INGEST; NOT_ML_TRAINING_DATA; NOT_RENDER_OUTPUT,QXBY_FULL_COMPONENT_ATLAS_REFERENCE|SOURCE_REFERENCE_IMAGE|USER_PROVIDED_QXBY_COMPONENT_SET|NOT_SCORE_EVENT_AUTHORITY|NOT_DAPU_IR_AUTHORITY|NOT_SAMPLE_INGEST|NOT_ML_TRAINING_DATA|NOT_RENDER_OUTPUT|NEEDS_CANON_BUILDER_CROSSWALK_REVIEW
COMP-224,左手指法-本位取音,缓急猱,左手指法-本位取音.zip,缓急猱.png,sources/qxby_component_atlas/images/lh_native_position/COMP-224_缓急猱.png,cfd723ab074d676edd4932fb1d16715a0de15bb902c3ab4c5363cb1c6dbc04f4,,QXBY_FULL_COMPONENT_ATLAS_REFERENCE; NOT_SCORE_EVENT_AUTHORITY; NOT_DAPU_IR_AUTHORITY; NOT_SAMPLE_INGEST; NOT_ML_TRAINING_DATA; NOT_RENDER_OUTPUT,QXBY_FULL_COMPONENT_ATLAS_REFERENCE|SOURCE_REFERENCE_IMAGE|USER_PROVIDED_QXBY_COMPONENT_SET|NOT_SCORE_EVENT_AUTHORITY|NOT_DAPU_IR_AUTHORITY|NOT_SAMPLE_INGEST|NOT_ML_TRAINING_DATA|NOT_RENDER_OUTPUT|NEEDS_CANON_BUILDER_CROSSWALK_REVIEW
COMP-225,左手指法-本位取音,缓猱,左手指法-本位取音.zip,缓猱.png,sources/qxby_component_atlas/images/lh_native_position/COMP-225_缓猱.png,cf55fc4a8a6c2cfc4292868c6a428640098883f8646059b7ee58b34bcf896e0c,,QXBY_FULL_COMPONENT_ATLAS_REFERENCE; NOT_SCORE_EVENT_AUTHORITY; NOT_DAPU_IR_AUTHORITY; NOT_SAMPLE_INGEST; NOT_ML_TRAINING_DATA; NOT_RENDER_OUTPUT,QXBY_FULL_COMPONENT_ATLAS_REFERENCE|SOURCE_REFERENCE_IMAGE|USER_PROVIDED_QXBY_COMPONENT_SET|NOT_SCORE_EVENT_AUTHORITY|NOT_DAPU_IR_AUTHORITY|NOT_SAMPLE_INGEST|NOT_ML_TRAINING_DATA|NOT_RENDER_OUTPUT|NEEDS_CANON_BUILDER_CROSSWALK_REVIEW
COMP-226,左手指法-本位取音,落指吟,左手指法-本位取音.zip,落指吟.png,sources/qxby_component_atlas/images/lh_native_position/COMP-226_落指吟.png,bfd3197abe50bc1cbdfbd9abbc5ca8f7502a9c1396b7c05514d3b4dba3761c23,,QXBY_FULL_COMPONENT_ATLAS_REFERENCE; NOT_SCORE_EVENT_AUTHORITY; NOT_DAPU_IR_AUTHORITY; NOT_SAMPLE_INGEST; NOT_ML_TRAINING_DATA; NOT_RENDER_OUTPUT,QXBY_FULL_COMPONENT_ATLAS_REFERENCE|SOURCE_REFERENCE_IMAGE|USER_PROVIDED_QXBY_COMPONENT_SET|NOT_SCORE_EVENT_AUTHORITY|NOT_DAPU_IR_AUTHORITY|NOT_SAMPLE_INGEST|NOT_ML_TRAINING_DATA|NOT_RENDER_OUTPUT|NEEDS_CANON_BUILDER_CROSSWALK_REVIEW
COMP-227,左手指法-本位取音,落指猱,左手指法-本位取音.zip,落指猱.png,sources/qxby_component_atlas/images/lh_native_position/COMP-227_落指猱.png,63b39160825de25d68963ea656bb47474375d9b6430ab9084bc8c230d1e8b42d,COMP-035,QXBY_FULL_COMPONENT_ATLAS_REFERENCE; NOT_SCORE_EVENT_AUTHORITY; NOT_DAPU_IR_AUTHORITY; NOT_SAMPLE_INGEST; NOT_ML_TRAINING_DATA; NOT_RENDER_OUTPUT,QXBY_FULL_COMPONENT_ATLAS_REFERENCE|SOURCE_REFERENCE_IMAGE|USER_PROVIDED_QXBY_COMPONENT_SET|NOT_SCORE_EVENT_AUTHORITY|NOT_DAPU_IR_AUTHORITY|NOT_SAMPLE_INGEST|NOT_ML_TRAINING_DATA|NOT_RENDER_OUTPUT|NEEDS_CANON_BUILDER_CROSSWALK_REVIEW
COMP-228,左手指法-本位取音,迎猱,左手指法-本位取音.zip,迎猱.png,sources/qxby_component_atlas/images/lh_native_position/COMP-228_迎猱.png,5ce31519375e53c5d4b5beb05666f9768eaf7cdd385a544512a010c4aaf05f37,,QXBY_FULL_COMPONENT_ATLAS_REFERENCE; NOT_SCORE_EVENT_AUTHORITY; NOT_DAPU_IR_AUTHORITY; NOT_SAMPLE_INGEST; NOT_ML_TRAINING_DATA; NOT_RENDER_OUTPUT,QXBY_FULL_COMPONENT_ATLAS_REFERENCE|SOURCE_REFERENCE_IMAGE|USER_PROVIDED_QXBY_COMPONENT_SET|NOT_SCORE_EVENT_AUTHORITY|NOT_DAPU_IR_AUTHORITY|NOT_SAMPLE_INGEST|NOT_ML_TRAINING_DATA|NOT_RENDER_OUTPUT|NEEDS_CANON_BUILDER_CROSSWALK_REVIEW
COMP-229,左手指法-本位取音,逗,左手指法-本位取音.zip,逗.png,sources/qxby_component_atlas/images/lh_native_position/COMP-229_逗.png,37be51a54df6c3c872ae8b1e7eef7779075160a39388bc672a281cf1bcabce2f,,QXBY_FULL_COMPONENT_ATLAS_REFERENCE; NOT_SCORE_EVENT_AUTHORITY; NOT_DAPU_IR_AUTHORITY; NOT_SAMPLE_INGEST; NOT_ML_TRAINING_DATA; NOT_RENDER_OUTPUT,QXBY_FULL_COMPONENT_ATLAS_REFERENCE|SOURCE_REFERENCE_IMAGE|USER_PROVIDED_QXBY_COMPONENT_SET|NOT_SCORE_EVENT_AUTHORITY|NOT_DAPU_IR_AUTHORITY|NOT_SAMPLE_INGEST|NOT_ML_TRAINING_DATA|NOT_RENDER_OUTPUT|NEEDS_CANON_BUILDER_CROSSWALK_REVIEW
COMP-230,左手指法-本位取音,长吟,左手指法-本位取音.zip,长吟.png,sources/qxby_component_atlas/images/lh_native_position/COMP-230_长吟.png,c44ff85517e1573c3f544140eb6c3e15d377955d6218857238caca808f56d9d2,,QXBY_FULL_COMPONENT_ATLAS_REFERENCE; NOT_SCORE_EVENT_AUTHORITY; NOT_DAPU_IR_AUTHORITY; NOT_SAMPLE_INGEST; NOT_ML_TRAINING_DATA; NOT_RENDER_OUTPUT,QXBY_FULL_COMPONENT_ATLAS_REFERENCE|SOURCE_REFERENCE_IMAGE|USER_PROVIDED_QXBY_COMPONENT_SET|NOT_SCORE_EVENT_AUTHORITY|NOT_DAPU_IR_AUTHORITY|NOT_SAMPLE_INGEST|NOT_ML_TRAINING_DATA|NOT_RENDER_OUTPUT|NEEDS_CANON_BUILDER_CROSSWALK_REVIEW
COMP-231,左手指法-本位取音,长猱,左手指法-本位取音.zip,长猱.png,sources/qxby_component_atlas/images/lh_native_position/COMP-231_长猱.png,8ba3858dd5925faa306c25172328569710dabbae44f9345759091549e83cf700,,QXBY_FULL_COMPONENT_ATLAS_REFERENCE; NOT_SCORE_EVENT_AUTHORITY; NOT_DAPU_IR_AUTHORITY; NOT_SAMPLE_INGEST; NOT_ML_TRAINING_DATA; NOT_RENDER_OUTPUT,QXBY_FULL_COMPONENT_ATLAS_REFERENCE|SOURCE_REFERENCE_IMAGE|USER_PROVIDED_QXBY_COMPONENT_SET|NOT_SCORE_EVENT_AUTHORITY|NOT_DAPU_IR_AUTHORITY|NOT_SAMPLE_INGEST|NOT_ML_TRAINING_DATA|NOT_RENDER_OUTPUT|NEEDS_CANON_BUILDER_CROSSWALK_REVIEW
COMP-232,左手指法-隔位取音,上,左手指法-隔位取音.zip,上.png,sources/qxby_component_atlas/images/lh_shifted_position/COMP-232_上.png,5e81ba63d2f2689dc6c02665838c7ac2154916202edc1818f8ed7710c547c51c,COMP-026,QXBY_FULL_COMPONENT_ATLAS_REFERENCE; NOT_SCORE_EVENT_AUTHORITY; NOT_DAPU_IR_AUTHORITY; NOT_SAMPLE_INGEST; NOT_ML_TRAINING_DATA; NOT_RENDER_OUTPUT,QXBY_FULL_COMPONENT_ATLAS_REFERENCE|SOURCE_REFERENCE_IMAGE|USER_PROVIDED_QXBY_COMPONENT_SET|NOT_SCORE_EVENT_AUTHORITY|NOT_DAPU_IR_AUTHORITY|NOT_SAMPLE_INGEST|NOT_ML_TRAINING_DATA|NOT_RENDER_OUTPUT|NEEDS_CANON_BUILDER_CROSSWALK_REVIEW
COMP-233,左手指法-隔位取音,下,左手指法-隔位取音.zip,下.png,sources/qxby_component_atlas/images/lh_shifted_position/COMP-233_下.png,a0291c15734457de5c7fd7e0c34b67c0152fb7ee4169fedc106fe1f6012674fb,,QXBY_FULL_COMPONENT_ATLAS_REFERENCE; NOT_SCORE_EVENT_AUTHORITY; NOT_DAPU_IR_AUTHORITY; NOT_SAMPLE_INGEST; NOT_ML_TRAINING_DATA; NOT_RENDER_OUTPUT,QXBY_FULL_COMPONENT_ATLAS_REFERENCE|SOURCE_REFERENCE_IMAGE|USER_PROVIDED_QXBY_COMPONENT_SET|NOT_SCORE_EVENT_AUTHORITY|NOT_DAPU_IR_AUTHORITY|NOT_SAMPLE_INGEST|NOT_ML_TRAINING_DATA|NOT_RENDER_OUTPUT|NEEDS_CANON_BUILDER_CROSSWALK_REVIEW
COMP-234,左手指法-隔位取音,使,左手指法-隔位取音.zip,使.png,sources/qxby_component_atlas/images/lh_shifted_position/COMP-234_使.png,77bb5ea1a09e0976311400cae28845e4c6fa88e4bd7a86bebd22ba486c679bc7,,QXBY_FULL_COMPONENT_ATLAS_REFERENCE; NOT_SCORE_EVENT_AUTHORITY; NOT_DAPU_IR_AUTHORITY; NOT_SAMPLE_INGEST; NOT_ML_TRAINING_DATA; NOT_RENDER_OUTPUT,QXBY_FULL_COMPONENT_ATLAS_REFERENCE|SOURCE_REFERENCE_IMAGE|USER_PROVIDED_QXBY_COMPONENT_SET|NOT_SCORE_EVENT_AUTHORITY|NOT_DAPU_IR_AUTHORITY|NOT_SAMPLE_INGEST|NOT_ML_TRAINING_DATA|NOT_RENDER_OUTPUT|NEEDS_CANON_BUILDER_CROSSWALK_REVIEW
COMP-235,左手指法-隔位取音,分开,左手指法-隔位取音.zip,分开.png,sources/qxby_component_atlas/images/lh_shifted_position/COMP-235_分开.png,9cebc3193339efad358563844c53c271d295ca5cc4860615929fb43394877d78,,QXBY_FULL_COMPONENT_ATLAS_REFERENCE; NOT_SCORE_EVENT_AUTHORITY; NOT_DAPU_IR_AUTHORITY; NOT_SAMPLE_INGEST; NOT_ML_TRAINING_DATA; NOT_RENDER_OUTPUT,QXBY_FULL_COMPONENT_ATLAS_REFERENCE|SOURCE_REFERENCE_IMAGE|USER_PROVIDED_QXBY_COMPONENT_SET|NOT_SCORE_EVENT_AUTHORITY|NOT_DAPU_IR_AUTHORITY|NOT_SAMPLE_INGEST|NOT_ML_TRAINING_DATA|NOT_RENDER_OUTPUT|NEEDS_CANON_BUILDER_CROSSWALK_REVIEW
COMP-236,左手指法-隔位取音,分开吟,左手指法-隔位取音.zip,分开吟.png,sources/qxby_component_atlas/images/lh_shifted_position/COMP-236_分开吟.png,637f31216c0993aa5ae93071d0ad54b31a5bbe2f17ed6f79946a63cf1a627911,,QXBY_FULL_COMPONENT_ATLAS_REFERENCE; NOT_SCORE_EVENT_AUTHORITY; NOT_DAPU_IR_AUTHORITY; NOT_SAMPLE_INGEST; NOT_ML_TRAINING_DATA; NOT_RENDER_OUTPUT,QXBY_FULL_COMPONENT_ATLAS_REFERENCE|SOURCE_REFERENCE_IMAGE|USER_PROVIDED_QXBY_COMPONENT_SET|NOT_SCORE_EVENT_AUTHORITY|NOT_DAPU_IR_AUTHORITY|NOT_SAMPLE_INGEST|NOT_ML_TRAINING_DATA|NOT_RENDER_OUTPUT|NEEDS_CANON_BUILDER_CROSSWALK_REVIEW
COMP-237,左手指法-隔位取音,唤,左手指法-隔位取音.zip,唤.png,sources/qxby_component_atlas/images/lh_shifted_position/COMP-237_唤.png,1b62e0b8a92268ff4943453207cbcf4e026d111c330894599eb06277a6ca7908,,QXBY_FULL_COMPONENT_ATLAS_REFERENCE; NOT_SCORE_EVENT_AUTHORITY; NOT_DAPU_IR_AUTHORITY; NOT_SAMPLE_INGEST; NOT_ML_TRAINING_DATA; NOT_RENDER_OUTPUT,QXBY_FULL_COMPONENT_ATLAS_REFERENCE|SOURCE_REFERENCE_IMAGE|USER_PROVIDED_QXBY_COMPONENT_SET|NOT_SCORE_EVENT_AUTHORITY|NOT_DAPU_IR_AUTHORITY|NOT_SAMPLE_INGEST|NOT_ML_TRAINING_DATA|NOT_RENDER_OUTPUT|NEEDS_CANON_BUILDER_CROSSWALK_REVIEW
COMP-238,左手指法-隔位取音,大往来,左手指法-隔位取音.zip,大往来.png,sources/qxby_component_atlas/images/lh_shifted_position/COMP-238_大往来.png,0481447e1484cc8e23894ecdc63d5ab8f360d0b808b6ff3538a002ffd4bdb06b,,QXBY_FULL_COMPONENT_ATLAS_REFERENCE; NOT_SCORE_EVENT_AUTHORITY; NOT_DAPU_IR_AUTHORITY; NOT_SAMPLE_INGEST; NOT_ML_TRAINING_DATA; NOT_RENDER_OUTPUT,QXBY_FULL_COMPONENT_ATLAS_REFERENCE|SOURCE_REFERENCE_IMAGE|USER_PROVIDED_QXBY_COMPONENT_SET|NOT_SCORE_EVENT_AUTHORITY|NOT_DAPU_IR_AUTHORITY|NOT_SAMPLE_INGEST|NOT_ML_TRAINING_DATA|NOT_RENDER_OUTPUT|NEEDS_CANON_BUILDER_CROSSWALK_REVIEW
COMP-239,左手指法-隔位取音,对按,左手指法-隔位取音.zip,对按.png,sources/qxby_component_atlas/images/lh_shifted_position/COMP-239_对按.png,cd54cbeb833e47362fdac5bc238531a0facc1580a89cd09b18a1b4656692e8b9,,QXBY_FULL_COMPONENT_ATLAS_REFERENCE; NOT_SCORE_EVENT_AUTHORITY; NOT_DAPU_IR_AUTHORITY; NOT_SAMPLE_INGEST; NOT_ML_TRAINING_DATA; NOT_RENDER_OUTPUT,QXBY_FULL_COMPONENT_ATLAS_REFERENCE|SOURCE_REFERENCE_IMAGE|USER_PROVIDED_QXBY_COMPONENT_SET|NOT_SCORE_EVENT_AUTHORITY|NOT_DAPU_IR_AUTHORITY|NOT_SAMPLE_INGEST|NOT_ML_TRAINING_DATA|NOT_RENDER_OUTPUT|NEEDS_CANON_BUILDER_CROSSWALK_REVIEW
COMP-240,左手指法-隔位取音,对起,左手指法-隔位取音.zip,对起.png,sources/qxby_component_atlas/images/lh_shifted_position/COMP-240_对起.png,b60babdfa681ed8cb476e8641d8c751c5ac78b3481ec2eb457a25479cf8a189d,,QXBY_FULL_COMPONENT_ATLAS_REFERENCE; NOT_SCORE_EVENT_AUTHORITY; NOT_DAPU_IR_AUTHORITY; NOT_SAMPLE_INGEST; NOT_ML_TRAINING_DATA; NOT_RENDER_OUTPUT,QXBY_FULL_COMPONENT_ATLAS_REFERENCE|SOURCE_REFERENCE_IMAGE|USER_PROVIDED_QXBY_COMPONENT_SET|NOT_SCORE_EVENT_AUTHORITY|NOT_DAPU_IR_AUTHORITY|NOT_SAMPLE_INGEST|NOT_ML_TRAINING_DATA|NOT_RENDER_OUTPUT|NEEDS_CANON_BUILDER_CROSSWALK_REVIEW
COMP-241,左手指法-隔位取音,小往来,左手指法-隔位取音.zip,小往来.png,sources/qxby_component_atlas/images/lh_shifted_position/COMP-241_小往来.png,53e7c7721c084aae5585bfa858f8a45334c19bb9337703dc18f0da7f777f3b67,,QXBY_FULL_COMPONENT_ATLAS_REFERENCE; NOT_SCORE_EVENT_AUTHORITY; NOT_DAPU_IR_AUTHORITY; NOT_SAMPLE_INGEST; NOT_ML_TRAINING_DATA; NOT_RENDER_OUTPUT,QXBY_FULL_COMPONENT_ATLAS_REFERENCE|SOURCE_REFERENCE_IMAGE|USER_PROVIDED_QXBY_COMPONENT_SET|NOT_SCORE_EVENT_AUTHORITY|NOT_DAPU_IR_AUTHORITY|NOT_SAMPLE_INGEST|NOT_ML_TRAINING_DATA|NOT_RENDER_OUTPUT|NEEDS_CANON_BUILDER_CROSSWALK_REVIEW
COMP-242,左手指法-隔位取音,应合,左手指法-隔位取音.zip,应合.png,sources/qxby_component_atlas/images/lh_shifted_position/COMP-242_应合.png,6adae49feb5ab4d959d480b0910c97092e05f3aba92cbf9f5686ee5a14bacfef,,QXBY_FULL_COMPONENT_ATLAS_REFERENCE; NOT_SCORE_EVENT_AUTHORITY; NOT_DAPU_IR_AUTHORITY; NOT_SAMPLE_INGEST; NOT_ML_TRAINING_DATA; NOT_RENDER_OUTPUT,QXBY_FULL_COMPONENT_ATLAS_REFERENCE|SOURCE_REFERENCE_IMAGE|USER_PROVIDED_QXBY_COMPONENT_SET|NOT_SCORE_EVENT_AUTHORITY|NOT_DAPU_IR_AUTHORITY|NOT_SAMPLE_INGEST|NOT_ML_TRAINING_DATA|NOT_RENDER_OUTPUT|NEEDS_CANON_BUILDER_CROSSWALK_REVIEW
COMP-243,左手指法-隔位取音,往来,左手指法-隔位取音.zip,往来.png,sources/qxby_component_atlas/images/lh_shifted_position/COMP-243_往来.png,e366b52692f9929425935bf8662dfdd224799f72ef8522e3ff7aedec68104dd1,,QXBY_FULL_COMPONENT_ATLAS_REFERENCE; NOT_SCORE_EVENT_AUTHORITY; NOT_DAPU_IR_AUTHORITY; NOT_SAMPLE_INGEST; NOT_ML_TRAINING_DATA; NOT_RENDER_OUTPUT,QXBY_FULL_COMPONENT_ATLAS_REFERENCE|SOURCE_REFERENCE_IMAGE|USER_PROVIDED_QXBY_COMPONENT_SET|NOT_SCORE_EVENT_AUTHORITY|NOT_DAPU_IR_AUTHORITY|NOT_SAMPLE_INGEST|NOT_ML_TRAINING_DATA|NOT_RENDER_OUTPUT|NEEDS_CANON_BUILDER_CROSSWALK_REVIEW
COMP-244,左手指法-隔位取音,往来吟,左手指法-隔位取音.zip,往来吟.png,sources/qxby_component_atlas/images/lh_shifted_position/COMP-244_往来吟.png,5176a47ae8ce69ad5fa84d32b318ce01e70f61583b4c4d3bb9d1ba27aa9a6b33,,QXBY_FULL_COMPONENT_ATLAS_REFERENCE; NOT_SCORE_EVENT_AUTHORITY; NOT_DAPU_IR_AUTHORITY; NOT_SAMPLE_INGEST; NOT_ML_TRAINING_DATA; NOT_RENDER_OUTPUT,QXBY_FULL_COMPONENT_ATLAS_REFERENCE|SOURCE_REFERENCE_IMAGE|USER_PROVIDED_QXBY_COMPONENT_SET|NOT_SCORE_EVENT_AUTHORITY|NOT_DAPU_IR_AUTHORITY|NOT_SAMPLE_INGEST|NOT_ML_TRAINING_DATA|NOT_RENDER_OUTPUT|NEEDS_CANON_BUILDER_CROSSWALK_REVIEW
COMP-245,左手指法-隔位取音,拖,左手指法-隔位取音.zip,拖.png,sources/qxby_component_atlas/images/lh_shifted_position/COMP-245_拖.png,1f3f220d172e8768d04f74cff0ef74fa3da0059d48f28fa242bc053735f1e98b,,QXBY_FULL_COMPONENT_ATLAS_REFERENCE; NOT_SCORE_EVENT_AUTHORITY; NOT_DAPU_IR_AUTHORITY; NOT_SAMPLE_INGEST; NOT_ML_TRAINING_DATA; NOT_RENDER_OUTPUT,QXBY_FULL_COMPONENT_ATLAS_REFERENCE|SOURCE_REFERENCE_IMAGE|USER_PROVIDED_QXBY_COMPONENT_SET|NOT_SCORE_EVENT_AUTHORITY|NOT_DAPU_IR_AUTHORITY|NOT_SAMPLE_INGEST|NOT_ML_TRAINING_DATA|NOT_RENDER_OUTPUT|NEEDS_CANON_BUILDER_CROSSWALK_REVIEW
COMP-246,左手指法-隔位取音,掐起,左手指法-隔位取音.zip,掐起.png,sources/qxby_component_atlas/images/lh_shifted_position/COMP-246_掐起.png,b0c5b2e9bd18f55e492ad343352802f0d2d1f4a82b13e0ff8676f2236f031520,COMP-022,QXBY_FULL_COMPONENT_ATLAS_REFERENCE; NOT_SCORE_EVENT_AUTHORITY; NOT_DAPU_IR_AUTHORITY; NOT_SAMPLE_INGEST; NOT_ML_TRAINING_DATA; NOT_RENDER_OUTPUT,QXBY_FULL_COMPONENT_ATLAS_REFERENCE|SOURCE_REFERENCE_IMAGE|USER_PROVIDED_QXBY_COMPONENT_SET|NOT_SCORE_EVENT_AUTHORITY|NOT_DAPU_IR_AUTHORITY|NOT_SAMPLE_INGEST|NOT_ML_TRAINING_DATA|NOT_RENDER_OUTPUT|NEEDS_CANON_BUILDER_CROSSWALK_REVIEW
COMP-247,左手指法-隔位取音,掩,左手指法-隔位取音.zip,掩.png,sources/qxby_component_atlas/images/lh_shifted_position/COMP-247_掩.png,ca3603bcb397d9d68c8805eeef52fbef646ed191bb54f2224122187334d5e49d,COMP-036,QXBY_FULL_COMPONENT_ATLAS_REFERENCE; NOT_SCORE_EVENT_AUTHORITY; NOT_DAPU_IR_AUTHORITY; NOT_SAMPLE_INGEST; NOT_ML_TRAINING_DATA; NOT_RENDER_OUTPUT,QXBY_FULL_COMPONENT_ATLAS_REFERENCE|SOURCE_REFERENCE_IMAGE|USER_PROVIDED_QXBY_COMPONENT_SET|NOT_SCORE_EVENT_AUTHORITY|NOT_DAPU_IR_AUTHORITY|NOT_SAMPLE_INGEST|NOT_ML_TRAINING_DATA|NOT_RENDER_OUTPUT|NEEDS_CANON_BUILDER_CROSSWALK_REVIEW
COMP-248,左手指法-隔位取音,注下,左手指法-隔位取音.zip,注下.png,sources/qxby_component_atlas/images/lh_shifted_position/COMP-248_注下.png,bbebbeb07df68b05aea8b31df33acb6d1242c74d0223384bb37e5848775e1a08,,QXBY_FULL_COMPONENT_ATLAS_REFERENCE; NOT_SCORE_EVENT_AUTHORITY; NOT_DAPU_IR_AUTHORITY; NOT_SAMPLE_INGEST; NOT_ML_TRAINING_DATA; NOT_RENDER_OUTPUT,QXBY_FULL_COMPONENT_ATLAS_REFERENCE|SOURCE_REFERENCE_IMAGE|USER_PROVIDED_QXBY_COMPONENT_SET|NOT_SCORE_EVENT_AUTHORITY|NOT_DAPU_IR_AUTHORITY|NOT_SAMPLE_INGEST|NOT_ML_TRAINING_DATA|NOT_RENDER_OUTPUT|NEEDS_CANON_BUILDER_CROSSWALK_REVIEW
COMP-249,左手指法-隔位取音,浒上,左手指法-隔位取音.zip,浒上.png,sources/qxby_component_atlas/images/lh_shifted_position/COMP-249_浒上.png,4b74ae7c9d22dcf82c847321e4bf0e1503756a4c09244ef99d5fea3d2c16ae27,,QXBY_FULL_COMPONENT_ATLAS_REFERENCE; NOT_SCORE_EVENT_AUTHORITY; NOT_DAPU_IR_AUTHORITY; NOT_SAMPLE_INGEST; NOT_ML_TRAINING_DATA; NOT_RENDER_OUTPUT,QXBY_FULL_COMPONENT_ATLAS_REFERENCE|SOURCE_REFERENCE_IMAGE|USER_PROVIDED_QXBY_COMPONENT_SET|NOT_SCORE_EVENT_AUTHORITY|NOT_DAPU_IR_AUTHORITY|NOT_SAMPLE_INGEST|NOT_ML_TRAINING_DATA|NOT_RENDER_OUTPUT|NEEDS_CANON_BUILDER_CROSSWALK_REVIEW
COMP-250,左手指法-隔位取音,淌下,左手指法-隔位取音.zip,淌下.png,sources/qxby_component_atlas/images/lh_shifted_position/COMP-250_淌下.png,ac13ad7e88d2ccfc08cd6c510436c71a97c71ca214f424a92a54d17b5fc78452,,QXBY_FULL_COMPONENT_ATLAS_REFERENCE; NOT_SCORE_EVENT_AUTHORITY; NOT_DAPU_IR_AUTHORITY; NOT_SAMPLE_INGEST; NOT_ML_TRAINING_DATA; NOT_RENDER_OUTPUT,QXBY_FULL_COMPONENT_ATLAS_REFERENCE|SOURCE_REFERENCE_IMAGE|USER_PROVIDED_QXBY_COMPONENT_SET|NOT_SCORE_EVENT_AUTHORITY|NOT_DAPU_IR_AUTHORITY|NOT_SAMPLE_INGEST|NOT_ML_TRAINING_DATA|NOT_RENDER_OUTPUT|NEEDS_CANON_BUILDER_CROSSWALK_REVIEW
COMP-251,左手指法-隔位取音,淌吟,左手指法-隔位取音.zip,淌吟.png,sources/qxby_component_atlas/images/lh_shifted_position/COMP-251_淌吟.png,de7b227ccff99631de7f5d4eca7766b77a5ecc80bba562524d29c46e26673b04,,QXBY_FULL_COMPONENT_ATLAS_REFERENCE; NOT_SCORE_EVENT_AUTHORITY; NOT_DAPU_IR_AUTHORITY; NOT_SAMPLE_INGEST; NOT_ML_TRAINING_DATA; NOT_RENDER_OUTPUT,QXBY_FULL_COMPONENT_ATLAS_REFERENCE|SOURCE_REFERENCE_IMAGE|USER_PROVIDED_QXBY_COMPONENT_SET|NOT_SCORE_EVENT_AUTHORITY|NOT_DAPU_IR_AUTHORITY|NOT_SAMPLE_INGEST|NOT_ML_TRAINING_DATA|NOT_RENDER_OUTPUT|NEEDS_CANON_BUILDER_CROSSWALK_REVIEW
COMP-252,左手指法-隔位取音,游吟,左手指法-隔位取音.zip,游吟.png,sources/qxby_component_atlas/images/lh_shifted_position/COMP-252_游吟.png,2ffcae07076ac58238aea228363fdc52bd69bcc75f09eb1d6c4efc38ed2d39d8,,QXBY_FULL_COMPONENT_ATLAS_REFERENCE; NOT_SCORE_EVENT_AUTHORITY; NOT_DAPU_IR_AUTHORITY; NOT_SAMPLE_INGEST; NOT_ML_TRAINING_DATA; NOT_RENDER_OUTPUT,QXBY_FULL_COMPONENT_ATLAS_REFERENCE|SOURCE_REFERENCE_IMAGE|USER_PROVIDED_QXBY_COMPONENT_SET|NOT_SCORE_EVENT_AUTHORITY|NOT_DAPU_IR_AUTHORITY|NOT_SAMPLE_INGEST|NOT_ML_TRAINING_DATA|NOT_RENDER_OUTPUT|NEEDS_CANON_BUILDER_CROSSWALK_REVIEW
COMP-253,左手指法-隔位取音,硬上,左手指法-隔位取音.zip,硬上.png,sources/qxby_component_atlas/images/lh_shifted_position/COMP-253_硬上.png,b58f254d85daa35fa931fa1af3e647d5ea02ffeb4c47cfba0f7fad26827a2df0,,QXBY_FULL_COMPONENT_ATLAS_REFERENCE; NOT_SCORE_EVENT_AUTHORITY; NOT_DAPU_IR_AUTHORITY; NOT_SAMPLE_INGEST; NOT_ML_TRAINING_DATA; NOT_RENDER_OUTPUT,QXBY_FULL_COMPONENT_ATLAS_REFERENCE|SOURCE_REFERENCE_IMAGE|USER_PROVIDED_QXBY_COMPONENT_SET|NOT_SCORE_EVENT_AUTHORITY|NOT_DAPU_IR_AUTHORITY|NOT_SAMPLE_INGEST|NOT_ML_TRAINING_DATA|NOT_RENDER_OUTPUT|NEEDS_CANON_BUILDER_CROSSWALK_REVIEW
COMP-254,左手指法-隔位取音,绰上,左手指法-隔位取音.zip,绰上.png,sources/qxby_component_atlas/images/lh_shifted_position/COMP-254_绰上.png,e6d1745120d22a4357e3cbdb087e05dd7d7a7c279fe5ff210a5eebdb6eb50a50,,QXBY_FULL_COMPONENT_ATLAS_REFERENCE; NOT_SCORE_EVENT_AUTHORITY; NOT_DAPU_IR_AUTHORITY; NOT_SAMPLE_INGEST; NOT_ML_TRAINING_DATA; NOT_RENDER_OUTPUT,QXBY_FULL_COMPONENT_ATLAS_REFERENCE|SOURCE_REFERENCE_IMAGE|USER_PROVIDED_QXBY_COMPONENT_SET|NOT_SCORE_EVENT_AUTHORITY|NOT_DAPU_IR_AUTHORITY|NOT_SAMPLE_INGEST|NOT_ML_TRAINING_DATA|NOT_RENDER_OUTPUT|NEEDS_CANON_BUILDER_CROSSWALK_REVIEW
COMP-255,左手指法-隔位取音,荡猱,左手指法-隔位取音.zip,荡猱.png,sources/qxby_component_atlas/images/lh_shifted_position/COMP-255_荡猱.png,e74dc59a90651fd5be77e56db858ac25b7e943fff9bb3ab91816f89ee7f2a331,,QXBY_FULL_COMPONENT_ATLAS_REFERENCE; NOT_SCORE_EVENT_AUTHORITY; NOT_DAPU_IR_AUTHORITY; NOT_SAMPLE_INGEST; NOT_ML_TRAINING_DATA; NOT_RENDER_OUTPUT,QXBY_FULL_COMPONENT_ATLAS_REFERENCE|SOURCE_REFERENCE_IMAGE|USER_PROVIDED_QXBY_COMPONENT_SET|NOT_SCORE_EVENT_AUTHORITY|NOT_DAPU_IR_AUTHORITY|NOT_SAMPLE_INGEST|NOT_ML_TRAINING_DATA|NOT_RENDER_OUTPUT|NEEDS_CANON_BUILDER_CROSSWALK_REVIEW
COMP-256,左手指法-隔位取音,虚撞,左手指法-隔位取音.zip,虚撞.png,sources/qxby_component_atlas/images/lh_shifted_position/COMP-256_虚撞.png,299d5ea7c94a3c28dc27a57a3742e7833743a3765e4e571df0e055878d4093dd,,QXBY_FULL_COMPONENT_ATLAS_REFERENCE; NOT_SCORE_EVENT_AUTHORITY; NOT_DAPU_IR_AUTHORITY; NOT_SAMPLE_INGEST; NOT_ML_TRAINING_DATA; NOT_RENDER_OUTPUT,QXBY_FULL_COMPONENT_ATLAS_REFERENCE|SOURCE_REFERENCE_IMAGE|USER_PROVIDED_QXBY_COMPONENT_SET|NOT_SCORE_EVENT_AUTHORITY|NOT_DAPU_IR_AUTHORITY|NOT_SAMPLE_INGEST|NOT_ML_TRAINING_DATA|NOT_RENDER_OUTPUT|NEEDS_CANON_BUILDER_CROSSWALK_REVIEW
COMP-257,左手指法-隔位取音,进吟,左手指法-隔位取音.zip,进吟.png,sources/qxby_component_atlas/images/lh_shifted_position/COMP-257_进吟.png,4e9ac43badb93377b52e2f65ea37a3693aefc9e8d80f9306c0eb2caa864a4520,,QXBY_FULL_COMPONENT_ATLAS_REFERENCE; NOT_SCORE_EVENT_AUTHORITY; NOT_DAPU_IR_AUTHORITY; NOT_SAMPLE_INGEST; NOT_ML_TRAINING_DATA; NOT_RENDER_OUTPUT,QXBY_FULL_COMPONENT_ATLAS_REFERENCE|SOURCE_REFERENCE_IMAGE|USER_PROVIDED_QXBY_COMPONENT_SET|NOT_SCORE_EVENT_AUTHORITY|NOT_DAPU_IR_AUTHORITY|NOT_SAMPLE_INGEST|NOT_ML_TRAINING_DATA|NOT_RENDER_OUTPUT|NEEDS_CANON_BUILDER_CROSSWALK_REVIEW
COMP-258,左手指法-隔位取音,进复,左手指法-隔位取音.zip,进复.png,sources/qxby_component_atlas/images/lh_shifted_position/COMP-258_进复.png,13eb862236e89ea3ae937833f15aca32603c6cdcf4d45c45979e7172c0fa8527,COMP-024,QXBY_FULL_COMPONENT_ATLAS_REFERENCE; NOT_SCORE_EVENT_AUTHORITY; NOT_DAPU_IR_AUTHORITY; NOT_SAMPLE_INGEST; NOT_ML_TRAINING_DATA; NOT_RENDER_OUTPUT,QXBY_FULL_COMPONENT_ATLAS_REFERENCE|SOURCE_REFERENCE_IMAGE|USER_PROVIDED_QXBY_COMPONENT_SET|NOT_SCORE_EVENT_AUTHORITY|NOT_DAPU_IR_AUTHORITY|NOT_SAMPLE_INGEST|NOT_ML_TRAINING_DATA|NOT_RENDER_OUTPUT|NEEDS_CANON_BUILDER_CROSSWALK_REVIEW
COMP-259,左手指法-隔位取音,进猱,左手指法-隔位取音.zip,进猱.png,sources/qxby_component_atlas/images/lh_shifted_position/COMP-259_进猱.png,01c529e28730c80142251c1a3b605cc4f26528e243320a64ae3110bd19528ee4,,QXBY_FULL_COMPONENT_ATLAS_REFERENCE; NOT_SCORE_EVENT_AUTHORITY; NOT_DAPU_IR_AUTHORITY; NOT_SAMPLE_INGEST; NOT_ML_TRAINING_DATA; NOT_RENDER_OUTPUT,QXBY_FULL_COMPONENT_ATLAS_REFERENCE|SOURCE_REFERENCE_IMAGE|USER_PROVIDED_QXBY_COMPONENT_SET|NOT_SCORE_EVENT_AUTHORITY|NOT_DAPU_IR_AUTHORITY|NOT_SAMPLE_INGEST|NOT_ML_TRAINING_DATA|NOT_RENDER_OUTPUT|NEEDS_CANON_BUILDER_CROSSWALK_REVIEW
COMP-260,左手指法-隔位取音,退吟,左手指法-隔位取音.zip,退吟.png,sources/qxby_component_atlas/images/lh_shifted_position/COMP-260_退吟.png,894b5b59e917835f63deece432668995faf639a108e0a0c7b58d434b47051346,,QXBY_FULL_COMPONENT_ATLAS_REFERENCE; NOT_SCORE_EVENT_AUTHORITY; NOT_DAPU_IR_AUTHORITY; NOT_SAMPLE_INGEST; NOT_ML_TRAINING_DATA; NOT_RENDER_OUTPUT,QXBY_FULL_COMPONENT_ATLAS_REFERENCE|SOURCE_REFERENCE_IMAGE|USER_PROVIDED_QXBY_COMPONENT_SET|NOT_SCORE_EVENT_AUTHORITY|NOT_DAPU_IR_AUTHORITY|NOT_SAMPLE_INGEST|NOT_ML_TRAINING_DATA|NOT_RENDER_OUTPUT|NEEDS_CANON_BUILDER_CROSSWALK_REVIEW
COMP-261,左手指法-隔位取音,退复,左手指法-隔位取音.zip,退复.png,sources/qxby_component_atlas/images/lh_shifted_position/COMP-261_退复.png,417667e8ded8b5c67a99946de6f131c3a85093ff41e20bcd2d8ba4084dcc8b2f,,QXBY_FULL_COMPONENT_ATLAS_REFERENCE; NOT_SCORE_EVENT_AUTHORITY; NOT_DAPU_IR_AUTHORITY; NOT_SAMPLE_INGEST; NOT_ML_TRAINING_DATA; NOT_RENDER_OUTPUT,QXBY_FULL_COMPONENT_ATLAS_REFERENCE|SOURCE_REFERENCE_IMAGE|USER_PROVIDED_QXBY_COMPONENT_SET|NOT_SCORE_EVENT_AUTHORITY|NOT_DAPU_IR_AUTHORITY|NOT_SAMPLE_INGEST|NOT_ML_TRAINING_DATA|NOT_RENDER_OUTPUT|NEEDS_CANON_BUILDER_CROSSWALK_REVIEW
COMP-262,左手指法-隔位取音,退猱,左手指法-隔位取音.zip,退猱.png,sources/qxby_component_atlas/images/lh_shifted_position/COMP-262_退猱.png,1ce11c9a022008fa2850ee0e32cd68c11782482d62cbde577824fd3aae2d4bf8,,QXBY_FULL_COMPONENT_ATLAS_REFERENCE; NOT_SCORE_EVENT_AUTHORITY; NOT_DAPU_IR_AUTHORITY; NOT_SAMPLE_INGEST; NOT_ML_TRAINING_DATA; NOT_RENDER_OUTPUT,QXBY_FULL_COMPONENT_ATLAS_REFERENCE|SOURCE_REFERENCE_IMAGE|USER_PROVIDED_QXBY_COMPONENT_SET|NOT_SCORE_EVENT_AUTHORITY|NOT_DAPU_IR_AUTHORITY|NOT_SAMPLE_INGEST|NOT_ML_TRAINING_DATA|NOT_RENDER_OUTPUT|NEEDS_CANON_BUILDER_CROSSWALK_REVIEW
COMP-263,左手指法-隔位取音,飞,左手指法-隔位取音.zip,飞.png,sources/qxby_component_atlas/images/lh_shifted_position/COMP-263_飞.png,3e71326c63339d2aab0c4bf977d3d1d58ba16c524274c9595b1bde8ef9b61ea8,,QXBY_FULL_COMPONENT_ATLAS_REFERENCE; NOT_SCORE_EVENT_AUTHORITY; NOT_DAPU_IR_AUTHORITY; NOT_SAMPLE_INGEST; NOT_ML_TRAINING_DATA; NOT_RENDER_OUTPUT,QXBY_FULL_COMPONENT_ATLAS_REFERENCE|SOURCE_REFERENCE_IMAGE|USER_PROVIDED_QXBY_COMPONENT_SET|NOT_SCORE_EVENT_AUTHORITY|NOT_DAPU_IR_AUTHORITY|NOT_SAMPLE_INGEST|NOT_ML_TRAINING_DATA|NOT_RENDER_OUTPUT|NEEDS_CANON_BUILDER_CROSSWALK_REVIEW
COMP-264,左手指法-隔位取音,飞吟,左手指法-隔位取音.zip,飞吟.png,sources/qxby_component_atlas/images/lh_shifted_position/COMP-264_飞吟.png,35b94c9820ed04226cfa92840c558a28e23d6ac6a929b02748f7b9f6f32740e4,,QXBY_FULL_COMPONENT_ATLAS_REFERENCE; NOT_SCORE_EVENT_AUTHORITY; NOT_DAPU_IR_AUTHORITY; NOT_SAMPLE_INGEST; NOT_ML_TRAINING_DATA; NOT_RENDER_OUTPUT,QXBY_FULL_COMPONENT_ATLAS_REFERENCE|SOURCE_REFERENCE_IMAGE|USER_PROVIDED_QXBY_COMPONENT_SET|NOT_SCORE_EVENT_AUTHORITY|NOT_DAPU_IR_AUTHORITY|NOT_SAMPLE_INGEST|NOT_ML_TRAINING_DATA|NOT_RENDER_OUTPUT|NEEDS_CANON_BUILDER_CROSSWALK_REVIEW
COMP-265,左手指法-散弦取音,同声,左手指法-散弦取音.zip,同声.png,sources/qxby_component_atlas/images/lh_open_string/COMP-265_同声.png,5e6db21036cd402e46d9bea3a19bb5ff693990a44cda4ae02675db5efa238006,,QXBY_FULL_COMPONENT_ATLAS_REFERENCE; NOT_SCORE_EVENT_AUTHORITY; NOT_DAPU_IR_AUTHORITY; NOT_SAMPLE_INGEST; NOT_ML_TRAINING_DATA; NOT_RENDER_OUTPUT,QXBY_FULL_COMPONENT_ATLAS_REFERENCE|SOURCE_REFERENCE_IMAGE|USER_PROVIDED_QXBY_COMPONENT_SET|NOT_SCORE_EVENT_AUTHORITY|NOT_DAPU_IR_AUTHORITY|NOT_SAMPLE_INGEST|NOT_ML_TRAINING_DATA|NOT_RENDER_OUTPUT|NEEDS_CANON_BUILDER_CROSSWALK_REVIEW
COMP-266,左手指法-散弦取音,同起,左手指法-散弦取音.zip,同起.png,sources/qxby_component_atlas/images/lh_open_string/COMP-266_同起.png,fdd211512677b5eccd56070a23be512ed411e0c0ea85c0b2433e0a85baf7d60e,,QXBY_FULL_COMPONENT_ATLAS_REFERENCE; NOT_SCORE_EVENT_AUTHORITY; NOT_DAPU_IR_AUTHORITY; NOT_SAMPLE_INGEST; NOT_ML_TRAINING_DATA; NOT_RENDER_OUTPUT,QXBY_FULL_COMPONENT_ATLAS_REFERENCE|SOURCE_REFERENCE_IMAGE|USER_PROVIDED_QXBY_COMPONENT_SET|NOT_SCORE_EVENT_AUTHORITY|NOT_DAPU_IR_AUTHORITY|NOT_SAMPLE_INGEST|NOT_ML_TRAINING_DATA|NOT_RENDER_OUTPUT|NEEDS_CANON_BUILDER_CROSSWALK_REVIEW
COMP-267,左手指法-散弦取音,带合,左手指法-散弦取音.zip,带合.png,sources/qxby_component_atlas/images/lh_open_string/COMP-267_带合.png,1291111b58fac6541b00837eadc5424467e0d41d1088daaaef609732d944882d,,QXBY_FULL_COMPONENT_ATLAS_REFERENCE; NOT_SCORE_EVENT_AUTHORITY; NOT_DAPU_IR_AUTHORITY; NOT_SAMPLE_INGEST; NOT_ML_TRAINING_DATA; NOT_RENDER_OUTPUT,QXBY_FULL_COMPONENT_ATLAS_REFERENCE|SOURCE_REFERENCE_IMAGE|USER_PROVIDED_QXBY_COMPONENT_SET|NOT_SCORE_EVENT_AUTHORITY|NOT_DAPU_IR_AUTHORITY|NOT_SAMPLE_INGEST|NOT_ML_TRAINING_DATA|NOT_RENDER_OUTPUT|NEEDS_CANON_BUILDER_CROSSWALK_REVIEW
COMP-268,左手指法-散弦取音,带起,左手指法-散弦取音.zip,带起.png,sources/qxby_component_atlas/images/lh_open_string/COMP-268_带起.png,816944c325cc3d89c8edd439b7018c6693589963e7b5d3cf4a8241804969a40b,,QXBY_FULL_COMPONENT_ATLAS_REFERENCE; NOT_SCORE_EVENT_AUTHORITY; NOT_DAPU_IR_AUTHORITY; NOT_SAMPLE_INGEST; NOT_ML_TRAINING_DATA; NOT_RENDER_OUTPUT,QXBY_FULL_COMPONENT_ATLAS_REFERENCE|SOURCE_REFERENCE_IMAGE|USER_PROVIDED_QXBY_COMPONENT_SET|NOT_SCORE_EVENT_AUTHORITY|NOT_DAPU_IR_AUTHORITY|NOT_SAMPLE_INGEST|NOT_ML_TRAINING_DATA|NOT_RENDER_OUTPUT|NEEDS_CANON_BUILDER_CROSSWALK_REVIEW
COMP-269,左手指法-散弦取音,推出,左手指法-散弦取音.zip,推出.png,sources/qxby_component_atlas/images/lh_open_string/COMP-269_推出.png,b43190bfe4916f573b3a9b12da9a0af17d6f59fec62e037fe7587aa7d492a4d2,,QXBY_FULL_COMPONENT_ATLAS_REFERENCE; NOT_SCORE_EVENT_AUTHORITY; NOT_DAPU_IR_AUTHORITY; NOT_SAMPLE_INGEST; NOT_ML_TRAINING_DATA; NOT_RENDER_OUTPUT,QXBY_FULL_COMPONENT_ATLAS_REFERENCE|SOURCE_REFERENCE_IMAGE|USER_PROVIDED_QXBY_COMPONENT_SET|NOT_SCORE_EVENT_AUTHORITY|NOT_DAPU_IR_AUTHORITY|NOT_SAMPLE_INGEST|NOT_ML_TRAINING_DATA|NOT_RENDER_OUTPUT|NEEDS_CANON_BUILDER_CROSSWALK_REVIEW
COMP-270,左手指法-散弦取音,撇起,左手指法-散弦取音.zip,撇起.png,sources/qxby_component_atlas/images/lh_open_string/COMP-270_撇起.png,dc8274e8cdeae05f36cfbf9123f1cc451ecde59316d65b56ab1a06b295a96d00,,QXBY_FULL_COMPONENT_ATLAS_REFERENCE; NOT_SCORE_EVENT_AUTHORITY; NOT_DAPU_IR_AUTHORITY; NOT_SAMPLE_INGEST; NOT_ML_TRAINING_DATA; NOT_RENDER_OUTPUT,QXBY_FULL_COMPONENT_ATLAS_REFERENCE|SOURCE_REFERENCE_IMAGE|USER_PROVIDED_QXBY_COMPONENT_SET|NOT_SCORE_EVENT_AUTHORITY|NOT_DAPU_IR_AUTHORITY|NOT_SAMPLE_INGEST|NOT_ML_TRAINING_DATA|NOT_RENDER_OUTPUT|NEEDS_CANON_BUILDER_CROSSWALK_REVIEW
COMP-271,左手指法-散弦取音,放合,左手指法-散弦取音.zip,放合.png,sources/qxby_component_atlas/images/lh_open_string/COMP-271_放合.png,5868808f5508f8688c8b2776145b642e4b0a704a89aea707feb6dcffb703cca5,,QXBY_FULL_COMPONENT_ATLAS_REFERENCE; NOT_SCORE_EVENT_AUTHORITY; NOT_DAPU_IR_AUTHORITY; NOT_SAMPLE_INGEST; NOT_ML_TRAINING_DATA; NOT_RENDER_OUTPUT,QXBY_FULL_COMPONENT_ATLAS_REFERENCE|SOURCE_REFERENCE_IMAGE|USER_PROVIDED_QXBY_COMPONENT_SET|NOT_SCORE_EVENT_AUTHORITY|NOT_DAPU_IR_AUTHORITY|NOT_SAMPLE_INGEST|NOT_ML_TRAINING_DATA|NOT_RENDER_OUTPUT|NEEDS_CANON_BUILDER_CROSSWALK_REVIEW
COMP-272,左手指法-散弦取音,爪合,左手指法-散弦取音.zip,爪合.png,sources/qxby_component_atlas/images/lh_open_string/COMP-272_爪合.png,5223653d05af0eb82c09ec0c45d7d0461310acb78876321558089651f91cc871,,QXBY_FULL_COMPONENT_ATLAS_REFERENCE; NOT_SCORE_EVENT_AUTHORITY; NOT_DAPU_IR_AUTHORITY; NOT_SAMPLE_INGEST; NOT_ML_TRAINING_DATA; NOT_RENDER_OUTPUT,QXBY_FULL_COMPONENT_ATLAS_REFERENCE|SOURCE_REFERENCE_IMAGE|USER_PROVIDED_QXBY_COMPONENT_SET|NOT_SCORE_EVENT_AUTHORITY|NOT_DAPU_IR_AUTHORITY|NOT_SAMPLE_INGEST|NOT_ML_TRAINING_DATA|NOT_RENDER_OUTPUT|NEEDS_CANON_BUILDER_CROSSWALK_REVIEW
COMP-273,左手指法-散弦取音,爪起,左手指法-散弦取音.zip,爪起.png,sources/qxby_component_atlas/images/lh_open_string/COMP-273_爪起.png,2a28adb8236e392c7ba212101dc8cc1ff02eb3848fef8abaddb7d316432adf82,COMP-019,QXBY_FULL_COMPONENT_ATLAS_REFERENCE; NOT_SCORE_EVENT_AUTHORITY; NOT_DAPU_IR_AUTHORITY; NOT_SAMPLE_INGEST; NOT_ML_TRAINING_DATA; NOT_RENDER_OUTPUT,QXBY_FULL_COMPONENT_ATLAS_REFERENCE|SOURCE_REFERENCE_IMAGE|USER_PROVIDED_QXBY_COMPONENT_SET|NOT_SCORE_EVENT_AUTHORITY|NOT_DAPU_IR_AUTHORITY|NOT_SAMPLE_INGEST|NOT_ML_TRAINING_DATA|NOT_RENDER_OUTPUT|NEEDS_CANON_BUILDER_CROSSWALK_REVIEW
